concept,old_files,popsign_labels,citizen_labels,in_old,in_popsign,in_citizen,flags
a linebob,,,A-LINEBOB,0,0,1,phrase
abbreviate,,,ABBREVIATE,0,0,1,
abhor,abhor,,,1,0,0,
abite,abit,,,1,0,0,
about,,,ABOUT1|ABOUT2,0,0,1,citizen has variants
above,above,,ABOVE,1,0,1,
absolutely,absolutely,,,1,0,0,
absolutelynothing,,,ABSOLUTELYNOTHING,0,0,1,
accent,,,ACCENT,0,0,1,
accept,accept,,ACCEPT,1,0,1,
access,access,,ACCESS,1,0,1,
accident,accident,,ACCIDENT,1,0,1,
accomplish,,,ACCOMPLISH,0,0,1,
accordion,,,ACCORDION,0,0,1,
accountant,accountant,,ACCOUNTANT,1,0,1,
accustom,accustomed,,,1,0,0,
acquiesce,acquiesce,,,1,0,0,
acquire,acquire,,ACQUIRE,1,0,1,
act,act,,ACT,1,0,1,
action,action,,ACTION,1,0,1,
activity,activity,,,1,0,0,
actor,actor,,ACTOR,1,0,1,
add,add,,ADD,1,0,1,
addict,addict,,ADDICT,1,0,1,
address,address,,ADDRESS,1,0,1,
admire,,,ADMIRE,0,0,1,
admit,admit,,ADMIT,1,0,1,
adopt,adopt,,ADOPT,1,0,1,
adult,adult_1|adult_2,,ADULT,1,0,1,old has variants
advantage,advantage,,ADVANTAGE,1,0,1,
advertise,advertise,,ADVERTISE,1,0,1,
affection,affection,,,1,0,0,
africa,africa,,AFRICA,1,0,1,
after,,after,AFTER,0,1,1,
afternoon,afternoon,,AFTERNOON,1,0,1,
again,again,,AGAIN,1,0,1,
against,against,,AGAINST,1,0,1,
age,age,,AGE,1,0,1,
agency,,,AGENCY,0,0,1,
aggressive,aggressive,,,1,0,0,
agreement,,,AGREEMENT,0,0,1,
airplane,airplane,airplane,AIRPLANE,1,1,1,
alarm,alarm,,ALARM,1,0,1,
alaska,alaska,,ALASKA,1,0,1,
alcohol,,,ALCOHOL,0,0,1,
align,,,ALIGN,0,0,1,
alittlebit,,,ALITTLEBIT,0,0,1,
all,all,all,ALL,1,1,1,
allday,,,ALLDAY,0,0,1,
allgone,,,ALLGONE,0,0,1,
alligator,,alligator,,0,1,0,
allofsudden,,,ALLOFSUDDEN,0,0,1,
allover,,,ALLOVER,0,0,1,
alloverbody,,,ALLOVERBODY,0,0,1,
allow,allow,,,1,0,0,
allright,allright,,,1,0,0,
alltogether,,,ALLTOGETHER,0,0,1,
allway,,,ALLWAY,0,0,1,
almost,almost,,,1,0,0,
alone,alone,,ALONE,1,0,1,
alphabet,,,ALPHABET,0,0,1,
alright,,,ALRIGHT,0,0,1,
also,also,,,1,0,0,
alumnus,alumni,,,1,0,0,
always,,,ALWAYS,0,0,1,
amazing,,,AMAZING,0,0,1,
america,america,,AMERICA,1,0,1,
american,american,,,1,0,0,
analyze,analyze,,ANALYZE,1,0,1,
and,and,,AND,1,0,1,
angel,angel,,ANGEL,1,0,1,
angry,,,ANGRY,0,0,1,
animal,animal,animal,ANIMAL,1,1,1,
announce,announce,,ANNOUNCE,1,0,1,
annoy,annoying,,,1,0,0,
another,,another,,0,1,0,
answer,answer,,ANSWER,1,0,1,
antler,antlers,,ANTLERS,1,0,1,
any,,any,ANY,0,1,1,
anyone,anyone,,ANYONE,1,0,1,
apart,,,APART,0,0,1,
apostrophe,apostrophe,,,1,0,0,
appear,appear,,APPEAR,1,0,1,
apple,apple,apple,APPLE,1,1,1,
appointment,,,APPOINTMENT,0,0,1,
approach,approach,,,1,0,0,
approximate,approximate,,,1,0,0,
april,april,,APRIL,1,0,1,
archeology,,,ARCHEOLOGY,0,0,1,
area,area,,AREA,1,0,1,
argue,argue,,ARGUE,1,0,1,
arizona,arizona,,ARIZONA,1,0,1,
arm,arm|arms,arm,ARM1|ARM2|ARM3,1,1,1,old has variants; citizen has variants
army,army,,ARMY,1,0,1,
arrest,,,ARREST1|ARREST2|ARREST3,0,0,1,citizen has variants
arrive,arrive,,ARRIVE,1,0,1,
art,,,ART,0,0,1,
article,,,ARTICLE,0,0,1,
articulate,articulate,,,1,0,0,
articulatesign,,,ARTICULATESIGN,0,0,1,
asia,asia,,ASIA,1,0,1,
ask,ask,,ASK,1,0,1,
assembly,assembly,,ASSEMBLY,1,0,1,
assign,assign,,ASSIGN,1,0,1,
assist,assist,,ASSIST,1,0,1,
assistant,,,ASSISTANT,0,0,1,
astronaut,,,ASTRONAUT,0,0,1,
at,at,,AT,1,0,1,
athlete,,,ATHLETE,0,0,1,
atlanta,,,ATLANTA,0,0,1,
attention,attention,,ATTENTION,1,0,1,
attitude,attitude,,ATTITUDE,1,0,1,
audience,audience,,AUDIENCE,1,0,1,
auditorium,,,AUDITORIUM,0,0,1,
aunt,aunt,aunt,AUNT,1,1,1,
australia,australia,,AUSTRALIA,1,0,1,
autism,,,AUTISM1|AUTISM2,0,0,1,citizen has variants
automatic,automatic,,AUTOMATIC,1,0,1,
autumn,autumn,,,1,0,0,
average,,,AVERAGE,0,0,1,
avoid,avoid,,AVOID,1,0,1,
awake,,awake,AWAKE,0,1,1,
award,,,AWARD,0,0,1,
away,away,,AWAY,1,0,1,
awkward,awkward,,AWKWARD,1,0,1,
axe,,,AXE1|AXE2,0,0,1,citizen has variants
baby,baby,,BABY1|BABY2,1,0,1,citizen has variants
babysitter,,,BABYSITTER,0,0,1,
bachelor,,,BACHELOR,0,0,1,
back,back,,BACK,1,0,1,
background,background,,,1,0,0,
backout,,,BACKOUT,0,0,1,
backpack,backpack,,BACKPACK1|BACKPACK2,1,0,1,citizen has variants
backup,,,BACKUP,0,0,1,
backyard,,backyard,BACKYARD,0,1,1,
bacon,bacon,,BACON,1,0,1,
bad,bad,bad,BAD,1,1,1,
badge,,,BADGE,0,0,1,
bag,bag,,BAG1|BAG2,1,0,1,citizen has variants
bake,bake_1|bake_2,,BAKE1|BAKE2,1,0,1,old has variants; citizen has variants
balance,balance,,BALANCE,1,0,1,
bald,bald,,BALD,1,0,1,
ball,,,BALL,0,0,1,
balloon,balloon,balloon,BALLOON,1,1,1,
banana,banana,,BANANA1|BANANA2|BANANA3|BANANA4,1,0,1,citizen has variants
bandage,,,BANDAGE,0,0,1,
bandaid,,,BANDAID1|BANDAID2,0,0,1,citizen has variants
bank,,,BANK,0,0,1,
bankrupt,bankrupt,,,1,0,0,
bar,bar,,BAR,1,0,1,
barely,barely,,BARELY,1,0,1,
bark,,,BARK1|BARK2|BARK3,0,0,1,citizen has variants
barrette,,,BARRETTE,0,0,1,
baseball,baseball,,BASEBALL,1,0,1,
baseballcap,,,BASEBALLCAP,0,0,1,
basement,,,BASEMENT,0,0,1,
basic,basic,,BASIC,1,0,1,
basket,,,BASKET1|BASKET2,0,0,1,citizen has variants
basketball,basketball,,BASKETBALL1|BASKETBALL2|BASKETBALL3,1,0,1,citizen has variants
bat,bat,,BAT1|BAT2|BAT3,1,0,1,citizen has variants
bath,bath,bath,BATH,1,1,1,
bathroom,bathroom,,BATHROOM,1,0,1,
bathtub,,,BATHTUB,0,0,1,
battery,,,BATTERY,0,0,1,
be,be|is,,,1,0,0,old has variants; not signed by text-to-gloss
beach,beach,,BEACH,1,0,1,
beak,,,BEAK,0,0,1,
bean,,,BEANS,0,0,1,
beanie,,,BEANIE,0,0,1,
bear,bear,,BEAR,1,0,1,
beard,beard,,BEARD,1,0,1,
beat,beat,,BEAT,1,0,1,
beaver,,,BEAVER,0,0,1,
because,,because,BECAUSE,0,1,1,
become,become,,BECOME,1,0,1,
bed,bed,bed,BED1|BED2,1,1,1,citizen has variants
bedroom,bedroom,bedroom,BEDROOM,1,1,1,
bee,bee,bee,BEE1|BEE2,1,1,1,citizen has variants
beer,beer,,BEER,1,0,1,
before,,before,BEFORE,0,1,1,
beg,,,BEG,0,0,1,
behavior,behavior,,BEHAVIOR,1,0,1,
behind,behind,,BEHIND,1,0,1,
believe,believe,,BELIEVE1|BELIEVE2,1,0,1,citizen has variants
bell,,,BELL,0,0,1,
belong,belong,,,1,0,0,
belt,,,BELT1|BELT2,0,0,1,citizen has variants
bend,,,BEND,0,0,1,
benefit,,,BENEFIT,0,0,1,
berry,berry,,BERRY,1,0,1,
beside,,beside,,0,1,0,
bet,,,BET,0,0,1,
between,,,BETWEEN,0,0,1,
bib,,,BIB,0,0,1,
bicycle,,,BICYCLE,0,0,1,
big,big,,BIG,1,0,1,
bind,,,BIND,0,0,1,
binocular,binoculars,,BINOCULARS,1,0,1,
biology,,,BIOLOGY,0,0,1,
bird,bird,bird,BIRD,1,1,1,
birth,birth,,BIRTH,1,0,1,
birthday,,,BIRTHDAY,0,0,1,
biscuit,biscuit,,,1,0,0,
bison,,,BISON,0,0,1,
bitch,bitch,,BITCH,1,0,1,
bite,bite,,BITE1|BITE2,1,0,1,citizen has variants
biteonarm,,,BITEONARM,0,0,1,
biteonneck,,,BITEONNECK,0,0,1,
bitter,bitter,,,1,0,0,
black,black,black,BLACK,1,1,1,
blackbird,,,BLACKBIRD,0,0,1,
blame,blame,,BLAME,1,0,1,
blank,blank,,BLANK,1,0,1,
blanket,,,BLANKET,0,0,1,
bleed,,,BLEED,0,0,1,
bless,bless,,BLESS,1,0,1,
blind,blind|blinds_2,,BLIND|BLINDS1|BLINDS2,1,0,1,old has variants; citizen has variants
blink,,,BLINK,0,0,1,
blond,,,BLOND,0,0,1,
blood,,,BLOOD,0,0,1,
bloom,,,BLOOM,0,0,1,
blouse,,,BLOUSE,0,0,1,
blow,blow,blow,BLOW,1,1,1,
blowcandle,,,BLOWCANDLE1|BLOWCANDLE2,0,0,1,citizen has variants
blowmind,,,BLOWMIND,0,0,1,
blue,blue,blue,BLUE,1,1,1,
blur,blur,,BLUR,1,0,1,
blush,blush,,BLUSH,1,0,1,
board,board,,BOARD,1,0,1,
boat,,boat,BOAT,0,1,1,
body,body,,BODY,1,0,1,
boil,,,BOIL1|BOIL2,0,0,1,citizen has variants
boilingmad,,,BOILINGMAD,0,0,1,
bolt,,,BOLT,0,0,1,
bomb,,,BOMB,0,0,1,
bone,,,BONE,0,0,1,
book,,book,BOOK,0,1,1,
boot,,,BOOTS1|BOOTS2,0,0,1,citizen has variants
bore,,,BORED1|BORED2,0,0,1,citizen has variants
borrow,borrow,,BORROW,1,0,1,
boss,boss,,BOSS,1,0,1,
boston,boston,,BOSTON,1,0,1,
both,,,BOTH,0,0,1,
bother,bother,,BOTHER,1,0,1,
bottle,bottle,,BOTTLE,1,0,1,
bottom,bottom,,BOTTOM,1,0,1,
bounce,,,BOUNCE,0,0,1,
bow,bow,,BOW1|BOW2|BOW3|BOW4,1,0,1,citizen has variants
bowl,bowl|bowling,,BOWL|BOWLING1|BOWLING2,1,0,1,old has variants; citizen has variants
bowtie,,,BOWTIE,0,0,1,
box,,,BOX|BOXING,0,0,1,citizen has variants
boy,boy,boy,BOY,1,1,1,
boyfriend,,,BOYFRIEND,0,0,1,
bra,,,BRA1|BRA2|BRA3,0,0,1,citizen has variants
bracelet,bracelet,,BRACELET,1,0,1,
brag,,,BRAG,0,0,1,
braid,,,BRAIDS,0,0,1,
braille,braille,,BRAILLE,1,0,1,
brainstorm,brainstorm,,BRAINSTORM,1,0,1,
brainwash,,,BRAINWASH,0,0,1,
brave,brave,,BRAVE,1,0,1,
bread,,,BREAD,0,0,1,
break,break,,BREAK,1,0,1,
breakdown,breakdown,,BREAKDOWN1|BREAKDOWN2,1,0,1,citizen has variants
breakfast,breakfast,,BREAKFAST1|BREAKFAST2,1,0,1,citizen has variants
breaktime,,,BREAKTIME,0,0,1,
breathe,breathe,,BREATHE,1,0,1,
brick,brick,,BRICK,1,0,1,
bridesmaid,bridesmaid,,BRIDESMAID,1,0,1,
bridge,,,BRIDGE1|BRIDGE2,0,0,1,citizen has variants
bright,bright,,BRIGHT,1,0,1,
bring,bring,,BRING,1,0,1,
broccoli,broccoli,,,1,0,0,
brother,,brother,BROTHER,0,1,1,
brown,brown,brown,BROWN,1,1,1,
brush,,,BRUSH,0,0,1,
bubble,,,BUBBLES,0,0,1,
buckle,,,BUCKLE1|BUCKLE2,0,0,1,citizen has variants
budget,,,BUDGET,0,0,1,
buffalo,buffalo,,BUFFALO,1,0,1,
bug,bug,bug,BUG,1,1,1,
build,build,,,1,0,0,
building,building,,BUILDING,1,0,1,
bull,,,BULL,0,0,1,
bulldozer,,,BULLDOZER,0,0,1,
bullshit,,,BULLSHIT,0,0,1,
bumpy,,,BUMPY,0,0,1,
bun,,,BUN,0,0,1,
buoy,buoy,,,1,0,0,
burn,,,BURN,0,0,1,
burp,burp,,BURP,1,0,1,
bury,,,BURY1|BURY2|BURY3|BURY4,0,0,1,citizen has variants
bus,bus,,BUS,1,0,1,
business,business,,BUSINESS,1,0,1,
bust,busted,,BUSTED,1,0,1,
busy,busy,,BUSY,1,0,1,
but,,,BUT,0,0,1,
butter,butter,,BUTTER,1,0,1,
butterfly,,,BUTTERFLY,0,0,1,
button,,,BUTTONS,0,0,1,
buy,buy,,BUY,1,0,1,
bye,bye,bye,BYE,1,1,1,
cabinet,,,CABINET,0,0,1,
cafeteria,cafeteria,,CAFETERIA,1,0,1,
cake,,,CAKE,0,0,1,
calculator,calculator,,CALCULATOR,1,0,1,
calendar,calendar,,CALENDAR1|CALENDAR2,1,0,1,citizen has variants
california,california,,CALIFORNIA,1,0,1,
call,call,callonphone,CALL1|CALL2,1,1,1,citizen has variants
callattention,,,CALLATTENTION,0,0,1,
calltty,,,CALLTTY,0,0,1,
calm,,,CALM,0,0,1,
camcorder,,,CAMCORDER,0,0,1,
camel,,,CAMEL,0,0,1,
camera,,,CAMERA,0,0,1,
cameraman,,,CAMERAMAN,0,0,1,
camp,camping,,CAMPING,1,0,1,
can,can,can,CAN1|CAN2,1,1,1,citizen has variants
canada,canada,,CANADA,1,0,1,
cancel,,,CANCEL1|CANCEL2,0,0,1,citizen has variants
cancellation,cancellation,,CANCELLATION,1,0,1,
cancer,,,CANCER1|CANCER2,0,0,1,citizen has variants
candle,candle,,CANDLE,1,0,1,
candy,candy_1|candy_2,,CANDY1|CANDY2,1,0,1,old has variants; citizen has variants
cannon,,,CANNON,0,0,1,
cannot,cannot,,CANNOT,1,0,1,
canoe,canoe,,CANOE,1,0,1,
cape,,,CAPE,0,0,1,
caption,,,CAPTION,0,0,1,
capture,,,CAPTURE,0,0,1,
car,car,car,CAR,1,1,1,
caraccident,,,CARACCIDENT,0,0,1,
carbattery,,,CARBATTERY,0,0,1,
card,card,,CARDS,1,0,1,
careful,careful,,CAREFUL,1,0,1,
carousel,,,CAROUSEL,0,0,1,
carrot,carrot,carrot,CARROT1|CARROT2|CARROT3,1,1,1,citizen has variants
carry,carry,,CARRY,1,0,1,
carve,,,CARVE,0,0,1,
castle,castle,,CASTLE1|CASTLE2|CASTLE3|CASTLE4,1,0,1,citizen has variants
casual,,,CASUAL,0,0,1,
cat,cat,cat,CAT1|CAT2|CAT3,1,1,1,citizen has variants
catapult,,,CATAPULT,0,0,1,
catch,caught,,CATCH1|CATCH2|CATCH3|CAUGHT,1,0,1,citizen has variants
catchbaseball,,,CATCHBASEBALL,0,0,1,
category,,,CATEGORY,0,0,1,
catepillar,,,CATEPILLAR,0,0,1,
caterpillar,caterpillar,,,1,0,0,
catholic,catholic,,CATHOLIC,1,0,1,
cause,cause,,CAUSE,1,0,1,
ceiling,,,CEILING,0,0,1,
celebrate,,,CELEBRATE,0,0,1,
celery,,,CELERY,0,0,1,
cellphone,,,CELLPHONE,0,0,1,
cemetery,,,CEMETERY,0,0,1,
cent,cent,,,1,0,0,
center,,,CENTER,0,0,1,
cereal,cereal,cereal,CEREAL,1,1,1,
certificate,,,CERTIFICATE,0,0,1,
chain,chain,,CHAIN,1,0,1,
chair,chair,chair,CHAIR,1,1,1,
challenge,challenge,,CHALLENGE,1,0,1,
champ,,,CHAMP,0,0,1,
champion,champion,,CHAMPION,1,0,1,
chance,chance,,CHANCE,1,0,1,
change,change,,CHANGE,1,0,1,
channel,,,CHANNEL,0,0,1,
chaos,,,CHAOS,0,0,1,
character,character,,CHARACTER,1,0,1,
characteristic,characteristic,,,1,0,0,
charge,,,CHARGE,0,0,1,
chargecard,,,CHARGECARD,0,0,1,
chase,chase,,CHASE,1,0,1,
chat,chat,,CHAT,1,0,1,
cheap,cheap,,CHEAP,1,0,1,
cheat,cheat_1|cheat_2,,CHEAT1|CHEAT2,1,0,1,old has variants; citizen has variants
check,check,,CHECK,1,0,1,
cheek,,cheek,CHEEK,0,1,1,
cheer,,,CHEER,0,0,1,
cheerleader,,,CHEERLEADER1|CHEERLEADER2,0,0,1,citizen has variants
cheese,cheese,,CHEESE,1,0,1,
cheesegrater,,,CHEESEGRATER,0,0,1,
cherish,cherish,,CHERISH,1,0,1,
cherry,cherry,,CHERRY1|CHERRY2,1,0,1,citizen has variants
chew,chew,,CHEW1|CHEW2|CHEW3|CHEW4,1,0,1,citizen has variants
chew mouth,,,CHEW2MOUTH,0,0,1,phrase
chicago,chicago,,CHICAGO,1,0,1,
chief,chief,,,1,0,0,
child,children,child,CHILD|CHILDREN,1,1,1,citizen has variants
chimney,,,CHIMNEY,0,0,1,
chin,,chin,CHIN,0,1,1,
china,china,,CHINA,1,0,1,
chinese,chinese,,,1,0,0,
chocolate,chocolate,chocolate,CHOCOLATE,1,1,1,
choke,,,CHOKE,0,0,1,
chop,chop,,CHOP,1,0,1,
chopstick,,,CHOPSTICKS,0,0,1,
christmas,christmas,,CHRISTMAS1|CHRISTMAS2,1,0,1,citizen has variants
church,church,,CHURCH,1,0,1,
churn,,,CHURN,0,0,1,
cigar,,,CIGAR,0,0,1,
cigarette,,,CIGARETTE,0,0,1,
circle,,,CIRCLE,0,0,1,
circuswheel,,,CIRCUSWHEEL,0,0,1,
city,city,,CITY1|CITY2,1,0,1,citizen has variants
clap,claps,,CLAP,1,0,1,
clash,,,CLASH,0,0,1,
class,,,CLASS,0,0,1,
clause,,,CLAUSE,0,0,1,
claw,,,CLAW,0,0,1,
clean,clean,clean,CLEAN,1,1,1,
clear,clear,,CLEAR,1,0,1,
cleftchin,,,CLEFTCHIN,0,0,1,
click,,,CLICK,0,0,1,
client,client,,CLIENT,1,0,1,
climate,climate,,,1,0,0,
climbladder,,,CLIMBLADDER,0,0,1,
clip,,,CLIP,0,0,1,
clock,clock,,CLOCK1|CLOCK2,1,0,1,citizen has variants
close,close,close,CLOSE,1,1,1,
closedoor,,,CLOSEDOOR,0,0,1,
closeeyes,,,CLOSEEYES,0,0,1,
closet,closet,closet,CLOSET1|CLOSET2,1,1,1,citizen has variants
clothes,clothes,,CLOTHES,1,0,1,
cloud,,cloud,CLOUD1|CLOUD2|CLOUD3|CLOUD4,0,1,1,citizen has variants
clown,clown,clown,CLOWN,1,1,1,
clueless,,,CLUELESS,0,0,1,
coach,coach,,COACH,1,0,1,
cocacola,cocacola,,COCACOLA,1,0,1,
cocaine,,,COCAINE,0,0,1,
cochlear,cochlear,,,1,0,0,
coconut,coconut,,COCONUT,1,0,1,
coffee,coffee,,COFFEE,1,0,1,
coin,coins,,COINS,1,0,1,
cold,cold,,COLD,1,0,1,
college,college,,COLLEGE,1,0,1,
color,color,,COLOR,1,0,1,
comb,comb,,COMB1|COMB2,1,0,1,citizen has variants
come,come,,COME,1,0,1,
comehere,,,COMEHERE,0,0,1,
comeout,,,COMEOUT,0,0,1,
comfortable,,,COMFORTABLE,0,0,1,
comment,comment,,COMMENT,1,0,1,
committee,committee,,COMMITTEE,1,0,1,
communication,communication,,COMMUNICATION,1,0,1,
community,,,COMMUNITY,0,0,1,
commute,commute,,COMMUTE,1,0,1,
compare,compare,,,1,0,0,
compass,compass,,COMPASS,1,0,1,
complain,complain,,COMPLAIN,1,0,1,
complex,complex,,COMPLEX,1,0,1,
computer,computer,,COMPUTER,1,0,1,
computermouse,,,COMPUTERMOUSE,0,0,1,
concept,,,CONCEPT,0,0,1,
concern,,,CONCERNED,0,0,1,
conduct,,,CONDUCT1|CONDUCT2|CONDUCT3,0,0,1,citizen has variants
confident,confident,,CONFIDENT,1,0,1,
confidential,,,CONFIDENTIAL,0,0,1,
conflict,,,CONFLICT,0,0,1,
confuse,confused,,CONFUSED1|CONFUSED2,1,0,1,citizen has variants
congratulation,,,CONGRATULATIONS,0,0,1,
connect,connect,,,1,0,0,
connection,,,CONNECTION,0,0,1,
consume,consume,,CONSUME,1,0,1,
contact,,,CONTACT,0,0,1,
contactlens,,,CONTACTLENS,0,0,1,
continue,continue,,CONTINUE,1,0,1,
convince,convince,,CONVINCE1|CONVINCE2,1,0,1,citizen has variants
cook,cook,,COOK,1,0,1,
cookie,cookie,,COOKIE,1,0,1,
cool,cool,,COOL1|COOL2|COOL3|COOL4,1,0,1,citizen has variants
cooperate,,,COOPERATE,0,0,1,
coordinate,coordinate,,,1,0,0,
copy,copy,,COPY,1,0,1,
corkscrew,corkscrew,,CORKSCREW1|CORKSCREW2,1,0,1,citizen has variants
corn,corn_1|corn_2,,CORN1|CORN2|CORN3,1,0,1,old has variants; citizen has variants
corner,,,CORNER,0,0,1,
correct,correct,,,1,0,0,
cost,,,COST,0,0,1,
couch,,,COUCH,0,0,1,
cough,cough,,COUGH,1,0,1,
counsel,counsel,,,1,0,0,
counselor,counselor,,COUNSELOR,1,0,1,
count,count,,COUNT,1,0,1,
country,country,,COUNTRY,1,0,1,
cousin,cousin,,COUSIN,1,0,1,
cover,cover,,,1,0,0,
coverup,,,COVERUP,0,0,1,
cow,cow,cow,COW,1,1,1,
cowboy,,cowboy,COWBOY,0,1,1,
crack,crack,,CRACK,1,0,1,
cracker,cracker,,CRACKER1|CRACKER2,1,0,1,citizen has variants
cranky,,,CRANKY,0,0,1,
crash,,,CRASH,0,0,1,
crashplane,,,CRASHPLANE,0,0,1,
crave,crave,,,1,0,0,
crawl,crawl,,CRAWL1|CRAWL2,1,0,1,citizen has variants
crazy,crazy,,CRAZY,1,0,1,
cream,,,CREAM1|CREAM2,0,0,1,citizen has variants
create,create,,CREATE,1,0,1,
creditcard,,,CREDITCARD,0,0,1,
cresheim,cresheim,,,1,0,0,
crewcut,,,CREWCUT,0,0,1,
crocodile,crocodile,,CROCODILE,1,0,1,
cross,cross,,CROSS1|CROSS2|CROSS3,1,0,1,citizen has variants
crossheart,,,CROSSHEART,0,0,1,
crown,,,CROWN,0,0,1,
crumple,,,CRUMPLE,0,0,1,
cry,cry,cry,CRY1|CRY2|CRY3|CRY4,1,1,1,citizen has variants
culture,culture,,CULTURE,1,0,1,
cup,cup,,CUP,1,0,1,
curious,,,CURIOUS,0,0,1,
curl,,,CURL1|CURL2,0,0,1,citizen has variants
curly,curly,,,1,0,0,
curlyhair,,,CURLYHAIR,0,0,1,
curriculum,curriculum,,,1,0,0,
curtain,,,CURTAIN,0,0,1,
curtsey,,,CURTSEY1|CURTSEY2,0,0,1,citizen has variants
cut,,cut,CUT,0,1,1,
cute,,cute,CUTE1|CUTE2,0,1,1,citizen has variants
cutremovevid,,,CUTREMOVEVID,0,0,1,
dad,,dad,,0,1,0,
damn,,,DAMN,0,0,1,
dance,dance,dance,DANCE,1,1,1,
dancer,dancer,,DANCER,1,0,1,
danger,,,DANGER,0,0,1,
dangerous,dangerous,,,1,0,0,
dark,dark,,DARK1|DARK2,1,0,1,citizen has variants
dart,,,DART,0,0,1,
date,,,DATE,0,0,1,
daughter,daughter,,DAUGHTER,1,0,1,
day,day,,DAY,1,0,1,
deaf,deaf,,DEAF1|DEAF2,1,0,1,citizen has variants
deafschool,deafschool,,DEAFSCHOOL,1,0,1,
deal,deal,,,1,0,0,
dealcards,,,DEALCARDS,0,0,1,
death,,,DEATH,0,0,1,
decide,decide,,DECIDE1|DECIDE2,1,0,1,citizen has variants
decline,,,DECLINE,0,0,1,
decorate,decorate,,DECORATE1|DECORATE2,1,0,1,citizen has variants
decrease,decrease,,,1,0,0,
dedicate,,,DEDICATE1|DEDICATE2,0,0,1,citizen has variants
deep,deep,,DEEP,1,0,1,
deer,,,DEER,0,0,1,
defeat,,,DEFEAT,0,0,1,
deflate,,,DEFLATE,0,0,1,
degree,degree,,DEGREE,1,0,1,
delegate,,,DELEGATE,0,0,1,
deliberate,deliberate,,DELIBERATE,1,0,1,
delicious,delicious,,DELICIOUS,1,0,1,
delinquent,,,DELINQUENT,0,0,1,
demand,demand,,DEMAND1|DEMAND2,1,0,1,citizen has variants
demote,,,DEMOTE,0,0,1,
dent,,,DENT,0,0,1,
dentist,dentist,,DENTIST1|DENTIST2,1,0,1,citizen has variants
deny,,,DENY,0,0,1,
deodorant,,,DEODORANT,0,0,1,
depart,depart,,,1,0,0,
department,,,DEPARTMENT,0,0,1,
depend,depend,,,1,0,0,
dependon,,,DEPENDON,0,0,1,
depress,,,DEPRESS,0,0,1,
depth,,,DEPTH,0,0,1,
desert,,,DESERT,0,0,1,
design,,,DESIGN,0,0,1,
dessert,dessert,,DESSERT,1,0,1,
destroy,destroy,,DESTROY,1,0,1,
develop,develop,,DEVELOP1|DEVELOP2,1,0,1,citizen has variants
devil,,,DEVIL,0,0,1,
devour,,,DEVOUR,0,0,1,
diamond,,,DIAMOND,0,0,1,
diaper,,,DIAPER,0,0,1,
dictionary,,,DICTIONARY,0,0,1,
die,die,,DICE|DIE,1,0,1,citizen has variants
different,different,,DIFFERENT,1,0,1,
differentsituation,,,DIFFERENTSITUATION,0,0,1,
dig,,,DIG,0,0,1,
digup,,,DIGUP,0,0,1,
dilemma,,,DILEMMA,0,0,1,
diningroom,,,DININGROOM,0,0,1,
dinner,dinner,,DINNER1|DINNER2,1,0,1,citizen has variants
dinosaur,dinosaur,,DINOSAUR1|DINOSAUR2,1,0,1,citizen has variants
dip,,,DIP1|DIP2|DIP3,0,0,1,citizen has variants
director,director,,DIRECTOR,1,0,1,
dirty,dirty,dirty,DIRTY,1,1,1,
disagreement,,,DISAGREEMENT,0,0,1,
disappear,disappear,,DISAPPEAR,1,0,1,
disappoint,,,DISAPPOINT,0,0,1,
disconnect,disconnect,,DISCONNECT,1,0,1,
discourse,discourse,,,1,0,0,
discriminate,discriminate,,,1,0,0,
discuss,discuss,,DISCUSS,1,0,1,
disengage,disengage,,,1,0,0,
disgust,disgusted,,,1,0,0,
dislike,,,DISLIKE,0,0,1,
disney,,,DISNEY,0,0,1,
dispatch,,,DISPATCH,0,0,1,
disrupt,,,DISRUPT,0,0,1,
dissect,,,DISSECT,0,0,1,
dissolve,,,DISSOLVE,0,0,1,
distract,,,DISTRACTED,0,0,1,
dive,,,DIVE,0,0,1,
diverge,diverge,,,1,0,0,
diversity,diversity,,,1,0,0,
divert,divert,,,1,0,0,
divide,,,DIVIDE,0,0,1,
divorce,divorce,,DIVORCE,1,0,1,
dizzy,dizzy,,DIZZY,1,0,1,
do,do,,,1,0,0,not signed by text-to-gloss
do not,don't,,,1,0,0,phrase
doctor,,,DOCTOR1|DOCTOR2,0,0,1,citizen has variants
document,document,,DOCUMENT,1,0,1,
dodo,,,DODO,0,0,1,
doesntmatter,,,DOESNTMATTER,0,0,1,
dog,dog,dog,DOG1|DOG2|DOG3|DOG4,1,1,1,citizen has variants
doll,,doll,DOLL,0,1,1,
dollar,dollar,,1DOLLAR|5DOLLARS,1,0,1,citizen has variants
dolphin,dolphin,,DOLPHIN1|DOLPHIN2|DOLPHIN3,1,0,1,citizen has variants
dominant,dominant,,DOMINANT,1,0,1,
donkey,donkey,donkey,DONKEY,1,1,1,
dontcare,,,DONTCARE,0,0,1,
dontfeellike,,,DONTFEELLIKE,0,0,1,
dontknow,,,DONTKNOW,0,0,1,
dontlike,,,DONTLIKE,0,0,1,
dontmind,,,DONTMIND,0,0,1,
dontneed,,,DONTNEED,0,0,1,
dontwant,,,DONTWANT,0,0,1,
donut,,,DONUT,0,0,1,
door,,,DOOR,0,0,1,
dormitory,,,DORMITORY,0,0,1,
double,,,DOUBLE,0,0,1,
doubt,doubt,,DOUBT,1,0,1,
doughnut,doughnut,,,1,0,0,
down,down,down,DOWN,1,1,1,
downhill,downhill,,DOWNHILL,1,0,1,
download,,,DOWNLOAD,0,0,1,
downsize,downsize,,DOWNSIZE1|DOWNSIZE2,1,0,1,citizen has variants
drag,,,DRAG1|DRAG2,0,0,1,citizen has variants
dragon,,,DRAGON,0,0,1,
draw,draw,,DRAW,1,0,1,
drawer,drawer,drawer,DRAWER,1,1,1,
dreadlock,,,DREADLOCKS,0,0,1,
dream,dream,,DREAM,1,0,1,
dress,dress,,DRESS,1,0,1,
dresser,,,DRESSER,0,0,1,
dressup,,,DRESSUP,0,0,1,
dribble,,,DRIBBLE,0,0,1,
drill,drill,,DRILL,1,0,1,
drink,drink,drink,DRINK1|DRINK2,1,1,1,citizen has variants
drip,,,DRIP,0,0,1,
drive,drive,,DRIVE,1,0,1,
driver,driver,,,1,0,0,
drop,drop,drop,DROP,1,1,1,
drown,,,DROWN1|DROWN2|DROWN3|DROWN4|DROWN5,0,0,1,citizen has variants
drug,,,DRUG,0,0,1,
drum,,,DRUM,0,0,1,
drunk,,,DRUNK,0,0,1,
dry,,dry,DRY,0,1,1,
dryer,,dryer,DRYER,0,1,1,
duck,duck,duck,DUCK1|DUCK2,1,1,1,citizen has variants
due,,,DUE,0,0,1,
dumb,dumb,,DUMB,1,0,1,
duty,duty,,DUTY,1,0,1,
dye,dye,,DYE,1,0,1,
each,,,EACH,0,0,1,
eachother,,,EACHOTHER,0,0,1,
eagle,eagle,,EAGLE1|EAGLE2,1,0,1,citizen has variants
ear,ear,ear,EAR,1,1,1,
early,early,,EARLY,1,0,1,
earmuffs,,,EARMUFFS,0,0,1,
earn,earn,,EARN,1,0,1,
earring,earring,,EARRING,1,0,1,
earsup,,,EARSUP,0,0,1,
earth,,,EARTH,0,0,1,
earthquake,earthquake,,EARTHQUAKE,1,0,1,
easel,,,EASEL,0,0,1,
east,,,EAST,0,0,1,
easter,,,EASTER,0,0,1,
easy,easy,,EASY,1,0,1,
easytodo,,,EASYTODO,0,0,1,
eat,eat,,EAT1|EAT2,1,0,1,citizen has variants
eclipse,,,ECLIPSE,0,0,1,
edge,,,EDGE,0,0,1,
edit,edit,,EDIT1|EDIT2,1,0,1,citizen has variants
effect,,,EFFECT,0,0,1,
egg,egg,,EGG,1,0,1,
eggbeater,,,EGGBEATER,0,0,1,
ego,,,EGO,0,0,1,
egypt,egypt,,EGYPT,1,0,1,
eight,eight,,EIGHT,1,0,1,
eighth,eighth,,,1,0,0,
either,,,EITHER,0,0,1,
electrician,,,ELECTRICIAN,0,0,1,
electrocute,,,ELECTROCUTE,0,0,1,
elegance,,,ELEGANCE,0,0,1,
elementaryschool,,,ELEMENTARYSCHOOL,0,0,1,
elephant,elephant,elephant,ELEPHANT,1,1,1,
elevator,,,ELEVATOR1|ELEVATOR2|ELEVATOR3,0,0,1,citizen has variants
eleven,eleven,,ELEVEN,1,0,1,
elf,elf,,,1,0,0,
eliminate,eliminate,,,1,0,0,
email,,,EMAIL,0,0,1,
embarrass,,,EMBARRASS,0,0,1,
emotion,,,EMOTION,0,0,1,
emperor,,,EMPEROR,0,0,1,
emphasis,,,EMPHASIS,0,0,1,
empty,empty,empty,EMPTY1|EMPTY2,1,1,1,citizen has variants
encourage,encourage,,,1,0,0,
end,end,,END,1,0,1,
enemy,,,ENEMY,0,0,1,
energy,,,ENERGY,0,0,1,
engagement,,,ENGAGEMENT,0,0,1,
engineer,,,ENGINEER,0,0,1,
enginestart,,,ENGINESTART,0,0,1,
english,english,,ENGLISH,1,0,1,
enjoy,,,ENJOY,0,0,1,
enlarge,enlarge,,,1,0,0,
enough,,,ENOUGH,0,0,1,
enter,,,ENTER,0,0,1,
envelope,,,ENVELOPE1|ENVELOPE2|ENVELOPE3|ENVELOPE4|ENVELOPE5,0,0,1,citizen has variants
environment,,,ENVIRONMENT,0,0,1,
equal,,,EQUAL,0,0,1,
erase,erase,,ERASE1|ERASE2|ERASE3|ERASE4|ERASE5|ERASER,1,0,1,citizen has variants
erupt,,,ERUPT1|ERUPT2,0,0,1,citizen has variants
escalate,escalate,,ESCALATE,1,0,1,
escalator,,,ESCALATOR,0,0,1,
escape,escape,,ESCAPE,1,0,1,
establish,establish,,,1,0,0,
europe,,,EUROPE,0,0,1,
evaluate,,,EVALUATE,0,0,1,
even,,,EVEN,0,0,1,
event,event,,EVENT,1,0,1,
every,,every,,0,1,0,
everyday,,,EVERYDAY,0,0,1,
everynight,,,EVERYNIGHT,0,0,1,
everything,,,EVERYTHING,0,0,1,
everyyear,,,EVERYYEAR,0,0,1,
evidence,,,EVIDENCE,0,0,1,
example,,,EXAMPLE,0,0,1,
excite,,,EXCITED,0,0,1,
excuse,,,EXCUSE,0,0,1,
exercise,,,EXERCISE,0,0,1,
expand,expand,,,1,0,0,
expect,,,EXPECT,0,0,1,
expensive,,,EXPENSIVE,0,0,1,
experience,,,EXPERIENCE|EXPERIENCED,0,0,1,citizen has variants
experiment,,,EXPERIMENT,0,0,1,
expert,expert,,EXPERT,1,0,1,
explanation,,,EXPLANATION,0,0,1,
explode,explode,,EXPLODE,1,0,1,
explore,explore,,,1,0,0,
express,express,,EXPRESS,1,0,1,
eye,eye|eyes,eye,EYES,1,1,1,old has variants
eyeglass,eyeglasses,,EYEGLASSES,1,0,1,
eyesawake,,,EYESAWAKE,0,0,1,
eyeturn,,,EYETURN,0,0,1,
face,face,face,FACE,1,1,1,
faculty,faculty,,FACULTY,1,0,1,
fade,,,FADE,0,0,1,
fail,fail,,FAIL,1,0,1,
faint,faint,,FAINT,1,0,1,
fair,,,FAIR,0,0,1,
fake,fake,,FAKE,1,0,1,
fall,fall,fall,FALL1|FALL2,1,1,1,citizen has variants
fallingasleep,,,FALLINGASLEEP,0,0,1,
family,family,,FAMILY,1,0,1,
famous,famous,,FAMOUS,1,0,1,
fan,,,FAN,0,0,1,
fancy,fancy,,,1,0,0,
fantasy,,,FANTASY,0,0,1,
far,far,,FAR,1,0,1,
farm,,farm,FARM,0,1,1,
fascinate,,,FASCINATED,0,0,1,
fashion,fashion,,FASHION,1,0,1,
fast,fast,fast,FAST,1,1,1,
fat,fat,,FAT,1,0,1,
father,,,FATHER,0,0,1,
faucet,,,FAUCET,0,0,1,
fault,,,FAULT,0,0,1,
favorite,favorite,,FAVORITE,1,0,1,
february,,,FEBRUARY,0,0,1,
fedup,,,FEDUP,0,0,1,
feed,feed,,FEED1|FEED2,1,0,1,citizen has variants
feedback,feedback,,FEEDBACK,1,0,1,
feel,,,FEEL,0,0,1,
female,female,,,1,0,0,
fence,,,FENCE1|FENCE2|FENCING,0,0,1,citizen has variants
few,,,FEW,0,0,1,
fiance,,,FIANCE,0,0,1,
fifteen,fifteen,,,1,0,0,
fifth,fifth,,FIFTH,1,0,1,
fight,fight,,FIGHT,1,0,1,
figure,figure,,FIGURE,1,0,1,
file,,,FILE1|FILE2|FILE3,0,0,1,citizen has variants
fillout,,,FILLOUT,0,0,1,
film,film,,FILM,1,0,1,
filter,,,FILTER,0,0,1,
fin,,,FINS,0,0,1,
finally,,,FINALLY,0,0,1,
finance,,,FINANCE,0,0,1,
find,,find,FIND,0,1,1,
fine,,fine,FINE1|FINE2,0,1,1,citizen has variants
finger,,finger,FINGER,0,1,1,
fingerscrossed,,,FINGERSCROSSED,0,0,1,
fingerspell,fingerspell,,FINGERSPELL,1,0,1,
fingerspelling,,,FINGERSPELLING,0,0,1,
fingerswig,fingerswig,,,1,0,0,
finish,,finish,FINISH,0,1,1,
fire,fired,,FIRE|FIRED,1,0,1,citizen has variants
firefighter,firefighter,,,1,0,0,
fireman,,fireman,FIREMAN1|FIREMAN2,0,1,1,citizen has variants
firetruck,,,FIRETRUCK,0,0,1,
first,first,first,FIRST,1,1,1,
fish,fish,fish,FISH,1,1,1,
fishing,,,FISHING1|FISHING2,0,0,1,citizen has variants
fit,fit,,FIT,1,0,1,
five,five,,,1,0,0,
fix,fix,,FIX,1,0,1,
flag,,flag,FLAG1|FLAG2,0,1,1,citizen has variants
flashlight,,,FLASHLIGHT1|FLASHLIGHT2|FLASHLIGHT3|FLASHLIGHT4,0,0,1,citizen has variants
flatter,flatter,,,1,0,0,
flick,flick,,,1,0,0,
flip,flip,,FLIP,1,0,1,
flipflop,,,FLIPFLOPS,0,0,1,
flipswitch,,,FLIPSWITCH,0,0,1,
flirt,flirt,,,1,0,0,
float,,,FLOAT1|FLOAT2|FLOAT3,0,0,1,citizen has variants
floor,,,FLOOR,0,0,1,
flow,flow,,,1,0,0,
flower,flower,flower,FLOWER,1,1,1,
flute,flute,,FLUTE,1,0,1,
fly,fly,,FLY,1,0,1,
focus,focus,,FOCUS,1,0,1,
fold,fold,,FOLD1|FOLD2,1,0,1,citizen has variants
follow,follow,,FOLLOW1|FOLLOW2|FOLLOW3|FOLLOW4,1,0,1,citizen has variants
fond,fond,,FOND,1,0,1,
food,,food,,0,1,0,
fool,fool,,FOOL,1,0,1,
foot,feet,feet,,1,1,0,
football,,,FOOTBALL,0,0,1,
for,,for,FOR,0,1,1,
forbid,forbid,,FORBID,1,0,1,
force,force,,,1,0,0,
foreigner,,,FOREIGNER1|FOREIGNER2,0,0,1,citizen has variants
forest,forest,,FOREST,1,0,1,
forever,forever,,FOREVER1|FOREVER2,1,0,1,citizen has variants
forfeit,,,FORFEIT,0,0,1,
forget,forget,,,1,0,0,
forgetful,,,FORGETFUL,0,0,1,
fork,,,FORK1|FORK2|FORK3|FORK4,0,0,1,citizen has variants
form,,,FORM,0,0,1,
former,former,,FORMER,1,0,1,
forty,forty,,,1,0,0,
foul,foul,,FOUL,1,0,1,
four,four,,FOUR,1,0,1,
fourteen,fourteen,,,1,0,0,
fourth,fourth,,FOURTH,1,0,1,
fox,fox,,FOX,1,0,1,
fraction,,,FRACTION,0,0,1,
frame,,,FRAME,0,0,1,
france,france,,FRANCE,1,0,1,
fraud,,,FRAUD,0,0,1,
freakout,,,FREAKOUT,0,0,1,
freckle,,,FRECKLES,0,0,1,
free,,,FREE,0,0,1,
freedom,,,FREEDOM,0,0,1,
freeway,,,FREEWAY,0,0,1,
freeze,,,FREEZE,0,0,1,
french,french,,FRENCH,1,0,1,
frenchfries,,,FRENCHFRIES,0,0,1,
friday,friday,,FRIDAY,1,0,1,
friend,,,FRIEND,0,0,1,
friendly,friendly,,FRIENDLY,1,0,1,
friendsnomore,,,FRIENDSNOMORE1,0,0,1,
fries,,frenchfries,,0,1,0,
fringe,,,FRINGE,0,0,1,
frisk,,,FRISK,0,0,1,
frog,,frog,FROG,0,1,1,
from,from,,FROM,1,0,1,
fromthenon,,,FROMTHENON,0,0,1,
front,front,,FRONT,1,0,1,
frown,,,FROWN1|FROWN2,0,0,1,citizen has variants
fruit,fruit,,FRUIT,1,0,1,
frustrate,,,FRUSTRATE,0,0,1,
fry,,,FRY,0,0,1,
full,full,,FULL,1,0,1,
fun,fun,,FUN,1,0,1,
function,,,FUNCTION,0,0,1,
funny,funny,,FUNNY,1,0,1,
furniture,furniture,,FURNITURE,1,0,1,
future,future,,FUTURE,1,0,1,
fuzzy,,,FUZZY,0,0,1,
gallaudet,gallaudet,,GALLAUDET,1,0,1,
gamble,,,GAMBLE,0,0,1,
game,game,,GAME,1,0,1,
gan,gone,,GONE,1,0,1,
garage,,,GARAGE,0,0,1,
garbage,,garbage,,0,1,0,
garlic,,,GARLIC,0,0,1,
gas,,,GAS,0,0,1,
gate,,,GATE,0,0,1,
gateclose,,,GATECLOSE,0,0,1,
gay,,,GAY,0,0,1,
generation,,,GENERATION,0,0,1,
germany,germany,,GERMANY,1,0,1,
gesture,,,GESTURE,0,0,1,
get,get,,GET,1,0,1,
getinbed,,,GETINBED,0,0,1,
getinformationoutof,,,GETINFORMATIONOUTOF,0,0,1,
getoff,,,GETOFF,0,0,1,
getthrough,,,GETTHROUGH,0,0,1,
gettogether,,,GETTOGETHER,0,0,1,
ghost,,,GHOST,0,0,1,
gift,,gift,GIFT,0,1,1,
giraffe,giraffe,giraffe,GIRAFFE,1,1,1,
girl,girl,girl,GIRL,1,1,1,
give,give,give,GIVE,1,1,1,
giveup,,,GIVEUP,0,0,1,
glass,glasses,glasswindow,GLASS1|GLASS2|GLASS3|GLASSES,1,1,1,citizen has variants
glimpse,glimpse,,,1,0,0,
glove,,,GLOVE|GLOVES1|GLOVES2|GLOVES3|GLOVES4,0,0,1,citizen has variants
glow,,,GLOW,0,0,1,
glue,,,GLUE1|GLUE2,0,0,1,citizen has variants
go,go,go,GO,1,1,1,
goahead,,,GOAHEAD,0,0,1,
goal,,,GOAL,0,0,1,
goat,goat,,GOAT,1,0,1,
goatee,,,GOATEE,0,0,1,
gobackandforth,,,GOBACKANDFORTH,0,0,1,
god,god,,GOD,1,0,1,
goingthroughahardtime,,,GOINGTHROUGHAHARDTIME,0,0,1,
gold,,,GOLD,0,0,1,
golf,,,GOLF,0,0,1,
good,best|better|good,better,BEST|BETTER|GOOD,1,1,1,old has variants; citizen has variants
goodygoody,,,GOODYGOODY,0,0,1,
goodygoodyshoeopposite,,,GOODYGOODYSHOEOPPOSITE,0,0,1,
goose,,goose,,0,1,0,
goosebumps,,,GOOSEBUMPS,0,0,1,
gorilla,gorilla,,GORILLA,1,0,1,
gossip,,,GOSSIP,0,0,1,
gotcha,,,GOTCHA,0,0,1,
gothrough,,,GOTHROUGH,0,0,1,
gotojail,,,GOTOJAIL,0,0,1,
gouge,gouge,,,1,0,0,
government,,,GOVERNMENT,0,0,1,
grab,,,GRAB,0,0,1,
grade,,,GRADE,0,0,1,
graduate,graduate,,GRADUATE,1,0,1,
graduateschool,,,GRADUATESCHOOL,0,0,1,
grammar,grammar,,GRAMMAR,1,0,1,
grandfather,grandfather,,GRANDFATHER,1,0,1,
grandma,,grandma,,0,1,0,
grandmother,grandmother,,GRANDMOTHER,1,0,1,
grandpa,,grandpa,,0,1,0,
grandparent,grandparents,,GRANDPARENTS,1,0,1,
grape,grapes,,GRAPES1|GRAPES2,1,0,1,citizen has variants
grasp,,,GRASP,0,0,1,
grass,,grass,GRASS,0,1,1,
grasshopper,grasshopper,,,1,0,0,
gray,gray,,GRAY,1,0,1,
great,great,,GREAT,1,0,1,
greece,greece,,GREECE,1,0,1,
green,green,green,GREEN,1,1,1,
greenbeans,,,GREENBEANS,0,0,1,
greet,,,GREET1|GREET2,0,0,1,citizen has variants
grenade,,,GRENADE,0,0,1,
grey,grey,,,1,0,0,
grieve,grieve,,GRIEVE,1,0,1,
grind,,,GRIND,0,0,1,
ground,ground,,,1,0,0,
group,,,GROUP,0,0,1,
grow,grow,,GROW,1,0,1,
growup,,,GROWUP,0,0,1,
guess,guess,,GUESS1|GUESS2,1,0,1,citizen has variants
guide,,,GUIDE,0,0,1,
guillotine,,,GUILLOTINE1|GUILLOTINE2,0,0,1,citizen has variants
guilty,,,GUILTY,0,0,1,
guitar,,,GUITAR,0,0,1,
gullible,,,GULLIBLE,0,0,1,
gum,gum,gum,GUM,1,1,1,
gun,,,GUN1|GUN2|GUN3,0,0,1,citizen has variants
guy,guy,,,1,0,0,
gym,,,GYM,0,0,1,
habit,,,HABIT,0,0,1,
hadenough,,,HADENOUGH,0,0,1,
haha,,,HAHA,0,0,1,
hair,hair,hair,HAIR1|HAIR2,1,1,1,citizen has variants
hairclipper,,,HAIRCLIPPER,0,0,1,
haircut,haircut,,HAIRCUT,1,0,1,
hairdresser,,,HAIRDRESSER,0,0,1,
hairdryer,hairdryer,,HAIRDRYER1|HAIRDRYER2|HAIRDRYER3,1,0,1,citizen has variants
half,half,,HALF,1,0,1,
halfhour,,,HALFHOUR,0,0,1,
hall,,,HALL,0,0,1,
halloween,halloween_2,,HALLOWEEN1|HALLOWEEN2,1,0,1,citizen has variants
hamburger,,,HAMBURGER,0,0,1,
hammer,hammer,,HAMMER,1,0,1,
hamster,,,HAMSTER,0,0,1,
hand,hands,,HANDS,1,0,1,
handcuff,,,HANDCUFFS,0,0,1,
handsoap,,,HANDSOAP,0,0,1,
handsoff,,,HANDSOFF,0,0,1,
handsome,,,HANDSOME1|HANDSOME2|HANDSOME3|HANDSOME4,0,0,1,citizen has variants
hang,,,HANG,0,0,1,
hangclothes,,,HANGCLOTHES,0,0,1,
hanger,hanger,,,1,0,0,
hanukkah,,,HANUKKAH,0,0,1,
happen,happen,,HAPPEN,1,0,1,
happy,happy,happy,HAPPY,1,1,1,
hard,hard,,HARD,1,0,1,
hardofhearing,,,HARDOFHEARING,0,0,1,
harmonica,,,HARMONICA,0,0,1,
harp,harp,,HARP,1,0,1,
hartford,hartford,,,1,0,0,
hat,,hat,HAT1|HAT2,0,1,1,citizen has variants
hatbrim,,,HATBRIM,0,0,1,
hatch,,,HATCH1|HATCH2,0,0,1,citizen has variants
hate,hate,hate,HATE,1,1,1,
have,have,have,HAVE,1,1,1,not signed by text-to-gloss
hawaii,hawaii,,HAWAII,1,0,1,
he,,hesheit,HE,0,1,1,
head,head,head,HEAD,1,1,1,
headache,headache,,HEADACHE,1,0,1,
headback,,,HEADBACK,0,0,1,
headcold,headcold,,HEADCOLD,1,0,1,
headgrind,,,HEADGRIND,0,0,1,
headphone,,,HEADPHONES,0,0,1,
health,health,,HEALTH,1,0,1,
heap,,,HEAP,0,0,1,
hear,,hear,HEAR1|HEAR2,0,1,1,citizen has variants
hearing,hearing,,HEARING,1,0,1,
hearingaid,,,HEARINGAID,0,0,1,
heart,heart,,HEART,1,0,1,
heartbody,,,HEARTBODY,0,0,1,
hearttouch,,,HEARTTOUCH,0,0,1,
heaven,heaven,,HEAVEN,1,0,1,
heavy,heavy,,HEAVY,1,0,1,
helicopter,,helicopter,HELICOPTER1|HELICOPTER2|HELICOPTER3,0,1,1,citizen has variants
hell,,,HELL,0,0,1,
hello,,hello,HELLO,0,1,1,
helmet,,,HELMET1|HELMET2,0,0,1,citizen has variants
help,help,,HELP,1,0,1,
hen,,hen,HEN,0,1,1,
here,,,HERE,0,0,1,
hide,hide,hide,HIDE,1,1,1,
high,high,high,HIGH,1,1,1,
highheels,,,HIGHHEELS,0,0,1,
highlighter,,,HIGHLIGHTER,0,0,1,
highschool,,,HIGHSCHOOL,0,0,1,
hinge,,,HINGE,0,0,1,
hippopotamus,,,HIPPO1|HIPPO2,0,0,1,citizen has variants
his,,,HIS,0,0,1,
history,history,,HISTORY,1,0,1,
hit,hit,,HIT1|HIT2,1,0,1,citizen has variants
hitchhike,,,HITCHHIKE,0,0,1,
hockey,,,HOCKEY,0,0,1,
hoe,,,HOE,0,0,1,
hold,hold,,HOLD1|HOLD2,1,0,1,citizen has variants
holdaccountable,,,HOLDACCOUNTABLE,0,0,1,
holdhands,,,HOLDHANDS,0,0,1,
holdtogether,,,HOLDTOGETHER,0,0,1,
hole,hole,,,1,0,0,
holiday,holiday,,HOLIDAY,1,0,1,
holy,,,HOLY,0,0,1,
home,,home,HOME,0,1,1,
homework,,,HOMEWORK,0,0,1,
honest,honest,,HONEST,1,0,1,
honey,,,HONEY1|HONEY2,0,0,1,citizen has variants
hongkong,,,HONGKONG,0,0,1,
honk,honk,,HONK,1,0,1,
honor,honor,,HONOR,1,0,1,
hood,,,HOOD,0,0,1,
hoodie,,,HOODIE1|HOODIE2,0,0,1,citizen has variants
hop,,,HOP,0,0,1,
hope,hope,,HOPE,1,0,1,
horrible,,,HORRIBLE,0,0,1,
horse,horse,horse,HORSE,1,1,1,
hose,,,HOSE,0,0,1,
hospital,hospital,,HOSPITAL1|HOSPITAL2,1,0,1,citizen has variants
hot,hot,hot,HOT,1,1,1,
hotcompetition,,,HOTCOMPETITION,0,0,1,
hotdog,hotdog,,HOTDOG,1,0,1,
hotel,,,HOTEL,0,0,1,
hour,hour,,8HOUR|HOUR,1,0,1,citizen has variants
house,house,,HOUSE,1,0,1,
how,,,HOW1|HOW2,0,0,1,citizen has variants
howl,,,HOWL,0,0,1,
hug,,,HUG,0,0,1,
humble,,,HUMBLE,0,0,1,
hummingbird,,,HUMMINGBIRD,0,0,1,
humor,,,HUMOR,0,0,1,
hundred,hundred,,HUNDRED,1,0,1,
hungry,,hungry,HUNGRY,0,1,1,
hunt,hunt,,HUNT,1,0,1,
hurdle,,,HURDLE/TRIP1|HURDLE/TRIP2,0,0,1,citizen has variants
hurricane,,,HURRICANE,0,0,1,
hurry,hurry,,HURRY,1,0,1,
hurt,,,HURT,0,0,1,
husband,husband,,HUSBAND,1,0,1,
hypocrite,hypocrite,,HYPOCRITE,1,0,1,
i,i,,ME,1,0,1,
ice,,,ICE,0,0,1,
icecream,icecream,icecream,ICECREAM,1,1,1,
idea,,,IDEA,0,0,1,
identity,identity,,IDENTITY,1,0,1,
idiot,idiot,,,1,0,0,
if,,if,IF,0,1,1,
ignore,ignore,,IGNORE,1,0,1,
iloveyou,,,ILOVEYOU,0,0,1,
imagine,imagine,,IMAGINE1|IMAGINE2,1,0,1,citizen has variants
immature,,,IMMATURE,0,0,1,
immerse,,,IMMERSE,0,0,1,
impact,,,IMPACT,0,0,1,
important,important,,IMPORTANT,1,0,1,
impossible,impossible,,IMPOSSIBLE,1,0,1,
impress,,,IMPRESS,0,0,1,
impression,impression,,,1,0,0,
improve,improve,,IMPROVE,1,0,1,
in,in,,IN,1,0,1,
inch,,,INCH,0,0,1,
incredible,,,INCREDIBLE,0,0,1,
independent,independent,,INDEPENDENT,1,0,1,
indian,,,INDIAN,0,0,1,
individual,individual,,,1,0,0,
inept,inept,,INEPT,1,0,1,
infant,infant,,,1,0,0,
infection,infection,,INFECTION,1,0,1,
influence,influence,,INFLUENCE,1,0,1,
inform,inform,,,1,0,0,
inhale,inhale,,INHALE,1,0,1,
inject,,,INJECT,0,0,1,
innocent,,,INNOCENT,0,0,1,
inside,,,INSIDE,0,0,1,
inspire,inspire,,INSPIRE|INSPIRING,1,0,1,citizen has variants
instagram,,,INSTAGRAM,0,0,1,
instead,instead,,INSTEAD,1,0,1,
instinct,instinct,,INSTINCT,1,0,1,
institute,institute,,INSTITUTE,1,0,1,
insult,,,INSULT,0,0,1,
insurance,,,INSURANCE,0,0,1,
intelligent,,,INTELLIGENT,0,0,1,
intentional,,,INTENTIONAL,0,0,1,
interest,interest,,INTEREST|INTERESTED,1,0,1,citizen has variants
internalize,internalize,,,1,0,0,
international,international,,,1,0,0,
internet,,,INTERNET,0,0,1,
interpret,interpret,,INTERPRET,1,0,1,
interpreter,interpreter,,INTERPRETER,1,0,1,
intervene,intervene,,INTERVENE,1,0,1,
interview,interview,,INTERVIEW,1,0,1,
into,into,into,,1,1,0,
introduce,introduce,,INTRODUCE,1,0,1,
intuitive,,,INTUITIVE,0,0,1,
invest,invest,,INVEST,1,0,1,
invisible,,,INVISIBLE,0,0,1,
invite,invite,,INVITE,1,0,1,
iphone,,,IPHONE,0,0,1,
ireland,ireland,,,1,0,0,
iron,iron,,IRON1|IRON2|IRON3,1,0,1,citizen has variants
island,island,,ISLAND,1,0,1,
isolate,,,ISOLATED,0,0,1,
israel,,,ISRAEL,0,0,1,
it,it,hesheit,THIS/IT,1,1,1,
italian,italian,,,1,0,0,
italy,italy,,ITALY,1,0,1,
itch,,,ITCH,0,0,1,
jacket,,jacket,JACKET1|JACKET2|JACKET3|JACKET4,0,1,1,citizen has variants
japan,japan,,JAPAN,1,0,1,
jar,,,JAR,0,0,1,
jawdrop,,,JAWDROP,0,0,1,
jealous,,,JEALOUS,0,0,1,
jeans,,jeans,,0,1,0,
jelly,jelly,,JELLY,1,0,1,
jellyfish,,,JELLYFISH,0,0,1,
jewelry,jewelry,,JEWELRY,1,0,1,
jewish,jewish,,JEWISH,1,0,1,
jigsaw,jigsaw,,,1,0,0,
jigsawpuzzle,,,JIGSAWPUZZLE,0,0,1,
join,join,,JOIN,1,0,1,
joke,,,JOKE,0,0,1,
journey,,,JOURNEY,0,0,1,
judge,,,JUDGE,0,0,1,
juggle,,,JUGGLE,0,0,1,
juggler,,,JUGGLER,0,0,1,
juice,juice,,JUICE1|JUICE2,1,0,1,citizen has variants
jump,jump,jump,JUMP,1,1,1,
jumprope,,,JUMPROPE,0,0,1,
junior,,,JUNIOR,0,0,1,
kangaroo,kangaroo,,KANGAROO1|KANGAROO2|KANGAROO3,1,0,1,citizen has variants
keep,keep,,KEEP,1,0,1,
key,,,KEY,0,0,1,
keyboard,,,KEYBOARD,0,0,1,
kick,kick,,KICK1|KICK2,1,0,1,citizen has variants
kid,kid,,KID,1,0,1,
kill,kill,,KILL,1,0,1,
kindergarten,,,KINDERGARTEN,0,0,1,
king,king,,KING,1,0,1,
kiss,kiss,kiss,KISS1|KISS2|KISS3,1,1,1,citizen has variants
kissfist,,,KISSFIST,0,0,1,
kissoncheek,,,KISSONCHEEK,0,0,1,
kitchen,,,KITCHEN,0,0,1,
kite,,,KITE1|KITE2,0,0,1,citizen has variants
kitten,kitten,,KITTEN,1,0,1,
kitty,,kitty,,0,1,0,
kneel,,,KNEEL,0,0,1,
knife,,,KNIFE1|KNIFE2,0,0,1,citizen has variants
knight,,,KNIGHT1|KNIGHT2|KNIGHT3|KNIGHT4,0,0,1,citizen has variants
knit,,,KNITTING1|KNITTING2|KNITTING3,0,0,1,citizen has variants
knock,knock,,KNOCK,1,0,1,
knockoff,,,KNOCKOFF,0,0,1,
know,know,,KNOW,1,0,1,
knownothing,,,KNOWNOTHING,0,0,1,
label,,,LABEL,0,0,1,
lamp,,lamp,LAMP1|LAMP2,0,1,1,citizen has variants
land,,,LAND,0,0,1,
language,language,,LANGUAGE,1,0,1,
laptop,,,LAPTOP,0,0,1,
last,last,,LAST,1,0,1,
lastweek,,,LASTWEEK,0,0,1,
late,late|later,later,LATE|LATER,1,1,1,old has variants; citizen has variants
laugh,laugh,,LAUGH,1,0,1,
law,,,LAW,0,0,1,
lawnmower,lawnmower,,LAWNMOWER,1,0,1,
lawyer,,,LAWYER,0,0,1,
laydown,,,LAYDOWN,0,0,1,
lazy,lazy,,LAZY,1,0,1,
lead,,,LEAD,0,0,1,
leaf,,,LEAF1|LEAF2,0,0,1,citizen has variants
league,,,LEAGUE,0,0,1,
leak,,,LEAK,0,0,1,
learn,learn,,LEARN,1,0,1,
learnlesson,,,LEARNLESSON,0,0,1,
leather,,,LEATHER,0,0,1,
leave,leave,,LEAVE,1,0,1,
leavealone,,,LEAVEALONE,0,0,1,
lecture,,,LECTURE,0,0,1,
left,left,,LEFT,1,0,1,
lemon,lemon,,LEMON1|LEMON2,1,0,1,citizen has variants
lend,lend,,LEND,1,0,1,
lesbian,,,LESBIAN,0,0,1,
less,less,,LESS,1,0,1,
lesson,,,LESSON,0,0,1,
letgo,,,LETGO,0,0,1,
letknow,,,LETKNOW,0,0,1,
letmesee,,,LETMESEE,0,0,1,
letter,,,LETTER1|LETTER2,0,0,1,citizen has variants
lettuce,,,LETTUCE1|LETTUCE2,0,0,1,citizen has variants
level,level,,,1,0,0,
library,,,LIBRARY,0,0,1,
license,license,,LICENSE,1,0,1,
lick,lick,,LICK1|LICK2,1,0,1,citizen has variants
lickenvelope,,,LICKENVELOPE1|LICKENVELOPE2,0,0,1,citizen has variants
lie,lay,,LIE,1,0,1,
lift,lift,,LIFT1|LIFT2,1,0,1,citizen has variants
light,light|lighter,,LIGHT|LIGHTER,1,0,1,old has variants; citizen has variants
lightcandle,,,LIGHTCANDLE,0,0,1,
lightning,lightning,,LIGHTNING,1,0,1,
lightson,,,LIGHTSON,0,0,1,
lightweight,,,LIGHTWEIGHT,0,0,1,
like,like,like,LIKE,1,1,1,
limit,,,LIMITED,0,0,1,
line,,,LINE,0,0,1,
linguistics,,,LINGUISTICS,0,0,1,
lion,lion,lion,LION,1,1,1,
lip,,lips,LIPS,0,1,1,
lipread,lipread,,LIPREAD,1,0,1,
lipstick,lipstick,,LIPSTICK,1,0,1,
list,list,,LIST,1,0,1,
listen,listen,listen,LISTEN,1,1,1,
little,little,,,1,0,0,
live,live,,LIVE1|LIVE2,1,0,1,citizen has variants
livingroom,,,LIVINGROOM,0,0,1,
load,,,LOAD1|LOAD2,0,0,1,citizen has variants
lobster,,,LOBSTER1|LOBSTER2|LOBSTER3,0,0,1,citizen has variants
lock,,,LOCK1|LOCK2|LOCK3,0,0,1,citizen has variants
locker,,,LOCKER,0,0,1,
lollipop,lollipop,,LOLLIPOP,1,0,1,
lonely,lonely,,LONELY,1,0,1,
long,long,,LONG,1,0,1,
longago,,,LONGAGO,0,0,1,
longline,,,LONGLINE,0,0,1,
longtime,,,LONGTIME,0,0,1,
longword,,,LONGWORD,0,0,1,
look,look,look,,1,1,0,
lookappearance,,,LOOKAPPEARANCE,0,0,1,
lookat,,,LOOKAT,0,0,1,
lookback,,,LOOKBACK,0,0,1,
lookfor,,,LOOKFOR,0,0,1,
lookforward,,,LOOKFORWARD,0,0,1,
looklike,,,LOOKLIKE,0,0,1,
lord,lord,,,1,0,0,
lose,lose|lost,,LOSE|LOST,1,0,1,old has variants; citizen has variants
losegame,,,LOSEGAME,0,0,1,
loud,loud,loud,LOUD,1,1,1,
lousy,lousy,,LOUSY,1,0,1,
love,love,,LOVE,1,0,1,
loyal,,,LOYAL,0,0,1,
luck,luck,,LUCK,1,0,1,
lucky,lucky,,LUCKY,1,0,1,
lunch,lunch,,LUNCH1|LUNCH2,1,0,1,citizen has variants
lung,,,LUNGS,0,0,1,
machine,,,MACHINE,0,0,1,
mad,,mad,MAD,0,1,1,
magazine,,,MAGAZINE,0,0,1,
magic,,,MAGIC,0,0,1,
magnet,,,MAGNET1|MAGNET2|MAGNET3|MAGNET4,0,0,1,citizen has variants
magnify,,,MAGNIFY1|MAGNIFY2,0,0,1,citizen has variants
maid,,,MAID,0,0,1,
mail,mail,,MAIL1|MAIL2,1,0,1,citizen has variants
mailman,,,MAILMAN,0,0,1,
mainstream,,,MAINSTREAM,0,0,1,
major,major,,MAJOR,1,0,1,
make,make,make,MAKE,1,1,1,
makebelieve,,,MAKEBELIEVE,0,0,1,
man,man,man,MAN,1,1,1,
manage,,,MANAGE,0,0,1,
many,many,many,MANY,1,1,1,
maple,maple,,MAPLE,1,0,1,
march,march,,MARCH,1,0,1,
marionette,,,MARIONETTE,0,0,1,
marry,marry,,MARRY,1,0,1,
mascara,,,MASCARA,0,0,1,
massage,,,MASSAGE,0,0,1,
masticate,masticate,,,1,0,0,
match,match,,MATCH,1,0,1,
math,,,MATH,0,0,1,
maybe,,,MAYBE,0,0,1,
mcdonalds,,,MCDONALDS,0,0,1,
meaculpa,,,MEACULPA,0,0,1,
mean,mean,,MEAN1|MEAN2,1,0,1,citizen has variants
measure,measure,,MEASURE1|MEASURE2,1,0,1,citizen has variants
meat,meat,,MEAT1|MEAT2,1,0,1,citizen has variants
mechanic,mechanic_2,,MECHANIC1|MECHANIC2,1,0,1,citizen has variants
medicine,,,MEDICINE,0,0,1,
meditate,,,MEDITATE1|MEDITATE2|MEDITATE3,0,0,1,citizen has variants
meet,meet,,MEET|MEETING,1,0,1,citizen has variants
megaphone,,,MEGAPHONE,0,0,1,
melon,,,MELON,0,0,1,
melt,,,MELT,0,0,1,
member,member,,MEMBER,1,0,1,
memorize,memorize,,MEMORIZE,1,0,1,
memorizememorize,,,MEMORIZEMEMORIZE,0,0,1,
mention,mention,,MENTION,1,0,1,
mess,mess,,MESS,1,0,1,
metal,metal,,METAL,1,0,1,
metaphor,,,METAPHOR,0,0,1,
mexican,mexican,,MEXICAN1|MEXICAN2,1,0,1,citizen has variants
mexico,mexico,,,1,0,0,
mickey,mickey,,,1,0,0,
microphone,,,MICROPHONE,0,0,1,
microscope,,,MICROSCOPE1|MICROSCOPE2|MICROSCOPE3,0,0,1,citizen has variants
microwave,microwave,,MICROWAVE,1,0,1,
middle,middle,,MIDDLE,1,0,1,
milk,milk,milk,MILK1|MILK2,1,1,1,citizen has variants
mime,,,MIME,0,0,1,
mind,mind,,MIND,1,0,1,
mindturned,,,MINDTURNED,0,0,1,
mine,,minemy,MINE,0,1,1,
minimum,minimum,,MINIMUM1|MINIMUM2,1,0,1,citizen has variants
minute,minute,,MINUTE,1,0,1,
mirror,mirror,,MIRROR,1,0,1,
mischievous,mischievous,,MISCHIEVOUS,1,0,1,
miss,miss,,MISS|MISSING,1,0,1,citizen has variants
misunderstand,misunderstand,,MISUNDERSTAND,1,0,1,
mitten,mittens,mitten,,1,1,0,
mix,mix,,MIX1|MIX2|MIX3,1,0,1,citizen has variants
mock,,,MOCK,0,0,1,
model,model,,MODEL1|MODEL2,1,0,1,citizen has variants
mom,,mom,,0,1,0,
monday,monday,,MONDAY,1,0,1,
money,money,,MONEY1|MONEY2,1,0,1,citizen has variants
monkey,monkey,,MONKEY,1,0,1,
monster,,,MONSTER,0,0,1,
month,month,,MONTH,1,0,1,
moon,moon,moon,MOON,1,1,1,
moose,,,MOOSE,0,0,1,
mop,,,MOP1|MOP2,0,0,1,citizen has variants
moral,moral,,,1,0,0,
more,,,MORE,0,0,1,
morning,morning,morning,MORNING,1,1,1,
mosquito,mosquito,,MOSQUITO,1,0,1,
most,most,,MOST,1,0,1,
mother,mother,,MOTHER,1,0,1,
motivate,motivate,,,1,0,0,
motivation,,,MOTIVATION1|MOTIVATION2,0,0,1,citizen has variants
motorcycle,,,MOTORCYCLE,0,0,1,
mountain,mountain,,MOUNTAIN1|MOUNTAIN2,1,0,1,citizen has variants
mouse,,mouse,MOUSE,0,1,1,
mouth,mouth,mouth,MOUTH,1,1,1,
move,move,,MOVE,1,0,1,
movedown,,,MOVEDOWN,0,0,1,
movie,,,MOVIE1|MOVIE2,0,0,1,citizen has variants
much,,,MUCH,0,0,1,
mummy,,,MUMMY,0,0,1,
murder,,,MURDER,0,0,1,
muscle,,,MUSCLE,0,0,1,
museum,museum,,MUSEUM,1,0,1,
mushroom,,,MUSHROOM,0,0,1,
music,music,,MUSIC,1,0,1,
must,,haveto,MUST,0,1,1,
mustache,,,MUSTACHE,0,0,1,
my,my,minemy,MY,1,1,1,
myself,,,MYSELF,0,0,1,
nail,nail,,NAIL,1,0,1,
nailclipper,,,NAILCLIPPER,0,0,1,
naked,naked,,NAKED,1,0,1,
name,,,NAME,0,0,1,
nap,,nap,,0,1,0,
napkin,,napkin,NAPKIN,0,1,1,
navel,,,NAVEL,0,0,1,
navy,,,NAVY,0,0,1,
near,,,NEAR,0,0,1,
neck,neck,,NECK,1,0,1,
necklace,necklace,,NECKLACE1|NECKLACE2|NECKLACE3|NECKLACE4,1,0,1,citizen has variants
need,,,NEED,0,0,1,
needle,,,NEEDLE,0,0,1,
negative,negative,,NEGATIVE,1,0,1,
nephew,,,NEPHEW,0,0,1,
nerve,,,NERVE,0,0,1,
net,,,NET,0,0,1,
network,network,,NETWORK,1,0,1,
neutral,,,NEUTRAL,0,0,1,
never,never,,NEVER,1,0,1,
new,new,,NEW,1,0,1,
newspaper,,,NEWSPAPER,0,0,1,
newstome,,,NEWSTOME,0,0,1,
newyork,,,NEWYORK,0,0,1,
next,next,,NEXT,1,0,1,
nextdown,,,NEXTDOWN,0,0,1,
nextto,,,NEXTTO,0,0,1,
nextyear,,,NEXTYEAR,0,0,1,
nice,nice,,NICE,1,0,1,
niece,niece,,NIECE,1,0,1,
night,night,night,NIGHT1|NIGHT2,1,1,1,citizen has variants
nine,nine,,NINE,1,0,1,
nineteen,nineteen,,,1,0,0,
ninety,ninety,,,1,0,0,
no,no,no,NO,1,1,1,
nobigdeal,,,NOBIGDEAL,0,0,1,
noise,noise,,NOISE,1,0,1,
noisy,,noisy,,0,1,0,
none,,,NONE,0,0,1,
nonsense,,,NONSENSE,0,0,1,
noon,,,NOON1|NOON2,0,0,1,citizen has variants
noose,,,NOOSE,0,0,1,
normal,normal,,NORMAL,1,0,1,
north,,,NORTH,0,0,1,
nose,nose,nose,NOSE,1,1,1,
nosebleed,,,NOSEBLEED,0,0,1,
not,,not,NOT,0,1,1,
notathing,,,NOTATHING,0,0,1,
notcare,,,NOTCARE,0,0,1,
nothing,nothing,,NOTHING1|NOTHING2,1,0,1,citizen has variants
nothingatall,,,NOTHINGATALL,0,0,1,
notice,notice,,,1,0,0,
notinterested,,,NOTINTERESTED,0,0,1,
notmind,,,NOTMIND,0,0,1,
notunderstand,,,NOTUNDERSTAND,0,0,1,
notusedto,,,NOTUSEDTO,0,0,1,
notyet,,,NOTYET,0,0,1,
now,now,now,NOW,1,1,1,
number,number,,NUMBERS,1,0,1,
numerous,numerous,,,1,0,0,
nurse,,,NURSE,0,0,1,
nut,nut,nuts,NUT1|NUT2,1,1,1,citizen has variants
obsess,obsess,,OBSESS,1,0,1,
obvious,,,OBVIOUS,0,0,1,
ocean,ocean,,OCEAN,1,0,1,
oclock,,,9OCLOCK,0,0,1,
octopus,octopus,,OCTOPUS,1,0,1,
off,off,,OFF,1,0,1,
offend,,,OFFEND,0,0,1,
offhand,,,OFFHAND,0,0,1,
office,office,,OFFICE,1,0,1,
official,official,,,1,0,0,
offthepoint,,,OFFTHEPOINT,0,0,1,
often,,,OFTEN,0,0,1,
ohisee,,,OHISEE,0,0,1,
oil,,,OIL1|OIL2|OIL3,0,0,1,citizen has variants
ok,,,OK,0,0,1,
okay,okay,,,1,0,0,
old,old|oldest,old,OLD|OLDEST,1,1,1,old has variants; citizen has variants
on,on,on,ON,1,1,1,
once,once,,ONCE,1,0,1,
one,one,,ONE,1,0,1,
onemore,,,ONEMORE1|ONEMORE2,0,0,1,citizen has variants
oneyearago,,,ONEYEARAGO,0,0,1,
onion,onion,,ONION,1,0,1,
only,only,,,1,0,0,
onlyone,,,ONLYONE,0,0,1,
ooh,ooh,,OOH,1,0,1,
oop,,,OOPS,0,0,1,
open,open,open,OPEN,1,1,1,
openbook,,,OPENBOOK,0,0,1,
openwallet,,,OPENWALLET,0,0,1,
operate,operate,,,1,0,0,
operatemachine,,,OPERATEMACHINE,0,0,1,
opinion,opinion,,OPINION1|OPINION2,1,0,1,citizen has variants
opportunity,opportunity,,OPPORTUNITY,1,0,1,
oppress,oppress,,,1,0,0,
option,,,OPTION,0,0,1,
or,,,OR,0,0,1,
oral,oral,,ORAL,1,0,1,
orange,orange,orange,ORANGE,1,1,1,
orangeeyes,,,ORANGEEYES,0,0,1,
orangethroat,,,ORANGETHROAT,0,0,1,
order,order,,ORDER1|ORDER2,1,0,1,citizen has variants
organization,,,ORGANIZATION,0,0,1,
ostrich,,,OSTRICH,0,0,1,
other,,,OTHER,0,0,1,
ouch,,owie,,0,1,0,
our,,,OUR,0,0,1,
out,,,OUT,0,0,1,
outside,,outside,OUTSIDE,0,1,1,
over,over,,OVER,1,0,1,
overlap,overlap,,,1,0,0,
overlook,,,OVERLOOK,0,0,1,
overnight,overnight,,OVERNIGHT,1,0,1,
overtake,,,OVERTAKE,0,0,1,
overwhelm,,,OVERWHELMED,0,0,1,
owe,,,OWE,0,0,1,
owl,owl,owl,OWL,1,1,1,
own,,,OWN,0,0,1,
pacifier,pacifier,,,1,0,0,
pack,pack,,PACK,1,0,1,
page,,,PAGE,0,0,1,
pageant,,,PAGEANT,0,0,1,
pain,pain,,PAIN,1,0,1,
paint,paint,,PAINT,1,0,1,
paintbrush,,,PAINTBRUSH,0,0,1,
pair,,,PAIR,0,0,1,
pajamas,,pajamas,,0,1,0,
pancake,,,PANCAKE,0,0,1,
pants,pants,,PANTS1|PANTS2,1,0,1,citizen has variants
paper,,,PAPER,0,0,1,
papercutter,,,PAPERCUTTER,0,0,1,
parachute,,,PARACHUTE1|PARACHUTE2|PARACHUTE3,0,0,1,citizen has variants
parade,,,PARADE,0,0,1,
paragraph,,,PARAGRAPH,0,0,1,
parallel,parallel,,PARALLEL,1,0,1,
paranoid,,,PARANOID,0,0,1,
parent,parents,,PARENTS,1,0,1,
park,park,,PARK,1,0,1,
party,party,,PARTY1|PARTY2,1,0,1,citizen has variants
pass,pass,,PASS,1,0,1,
passout,,,PASSOUT,0,0,1,
passport,,,PASSPORT,0,0,1,
past,past,,PAST,1,0,1,
patient,patient,,PATIENT1|PATIENT2|PATIENT3,1,0,1,citizen has variants
pay,pay,,PAY,1,0,1,
payment,payment,,,1,0,0,
payoffbills,,,PAYOFFBILLS,0,0,1,
pea,,,PEAS1|PEAS2,0,0,1,citizen has variants
peace,peace,,PEACE,1,0,1,
peach,peach,,PEACH1|PEACH2,1,0,1,citizen has variants
peacock,,,PEACOCK,0,0,1,
peanutbutter,,,PEANUTBUTTER,0,0,1,
pear,pear,,PEAR,1,0,1,
peck,,,PECK,0,0,1,
pee,pee,,,1,0,0,
peekaboo,,,PEEKABOO,0,0,1,
peel,peel,,PEEL1|PEEL2|PEEL3,1,0,1,citizen has variants
peg,,,PEG1|PEG2|PEG3,0,0,1,citizen has variants
pen,,pen,PEN,0,1,1,
pencil,,pencil,PENCIL,0,1,1,
penguin,penguin,,PENGUIN,1,0,1,
penis,,,PENIS,0,0,1,
pennsylvania,pennsylvania,,,1,0,0,
penny,,penny,PENNY,0,1,1,
pension,pension,,,1,0,0,
people,people,,PEOPLE,1,0,1,
pepper,,,PEPPER,0,0,1,
pepsi,,,PEPSI,0,0,1,
perceive,perceive,,PERCEIVE,1,0,1,
percent,,,PERCENT,0,0,1,
perfect,perfect,,PERFECT,1,0,1,
perfume,,,PERFUME1|PERFUME2,0,0,1,citizen has variants
period,,,PERIOD,0,0,1,
permission,,,PERMISSION,0,0,1,
persistent,,,PERSISTENT,0,0,1,
person,person,person,PERSON,1,1,1,
perspective,,,PERSPECTIVE,0,0,1,
persuade,,,PERSUADE,0,0,1,
peruse,peruse,,,1,0,0,
pet,pet,,PET1|PET2,1,0,1,citizen has variants
pharmacist,,,PHARMACIST,0,0,1,
philadelphia,philadelphia,,PHILADELPHIA,1,0,1,
phillies,phillies,,,1,0,0,
philosophy,,,PHILOSOPHY,0,0,1,
phone,,,PHONE,0,0,1,
photography,,,PHOTOGRAPHY,0,0,1,
physical,physical,,,1,0,0,
physics,,,PHYSICS,0,0,1,
piano,piano,,PIANO,1,0,1,
pick,,,PICK,0,0,1,
pickle,pickle,,PICKLE,1,0,1,
picnic,,,PICNIC,0,0,1,
picture,,,PICTURE,0,0,1,
pie,pie,,PIE,1,0,1,
pig,pig,pig,PIG,1,1,1,
pile,,,PILE,0,0,1,
pill,,,PILL,0,0,1,
pillow,,,PILLOW1|PILLOW2|PILLOW3,0,0,1,citizen has variants
pinch,pinch,,PINCH1|PINCH2,1,0,1,citizen has variants
pincher,pincher,,,1,0,0,
pineapple,,,PINEAPPLE1|PINEAPPLE2|PINEAPPLE3|PINEAPPLE4|PINEAPPLE5,0,0,1,citizen has variants
pink,pink,,PINK,1,0,1,
pinon,,,PINON,0,0,1,
pipe,,,PIPE1|PIPE2|PIPE3|PIPE4,0,0,1,citizen has variants
pirate,,,PIRATE,0,0,1,
pissedoff,,,PISSEDOFF,0,0,1,
pitcher,,,PITCHER,0,0,1,
pity,pity,,PITY,1,0,1,
pizza,pizza,pizza,PIZZA1|PIZZA2,1,1,1,citizen has variants
pizzacutter,,,PIZZACUTTER,0,0,1,
pjs,,,PJS,0,0,1,
place,,,PLACE,0,0,1,
plain,plain,,PLAIN,1,0,1,
plan,,,PLAN,0,0,1,
planet,planet,,PLANET,1,0,1,
plant,,,PLANT,0,0,1,
plate,plate,,PLATE,1,0,1,
platform,,,PLATFORM,0,0,1,
play,play,,PLAY,1,0,1,
player,player,,PLAYERS,1,0,1,
playground,,,PLAYGROUND,0,0,1,
playtoy,playtoy,,,1,0,0,
please,,please,PLEASE,0,1,1,
plenty,,,PLENTY,0,0,1,
plier,,,PLIERS,0,0,1,
plow,,,PLOW1|PLOW2,0,0,1,citizen has variants
plug,,,PLUG1|PLUG2,0,0,1,citizen has variants
plummet,,,PLUMMET,0,0,1,
plunger,,,PLUNGER,0,0,1,
plural,plural,,,1,0,0,
plus,,,PLUS,0,0,1,
point,,,POINT,0,0,1,
pointindex,,,POINTINDEX,0,0,1,
pole,,,POLE,0,0,1,
police,police,police,,1,1,0,
policeman,,,POLICEMAN1|POLICEMAN2,0,0,1,citizen has variants
policy,,,POLICY,0,0,1,
polish,,,POLISH,0,0,1,
polite,polite,,,1,0,0,
ponder,ponder,,PONDER,1,0,1,
pool,,pool,,0,1,0,
poolgame,,,POOLGAME,0,0,1,
poop,poop,,POOP,1,0,1,
poor,poor,,POOR,1,0,1,
pop,,,POP1|POP2|POP3|POP4,0,0,1,citizen has variants
popcorn,popcorn,,POPCORN,1,0,1,
pope,,,POPE,0,0,1,
popular,popular,,POPULAR,1,0,1,
porcupine,porcupine,,PORCUPINE,1,0,1,
positive,,,POSITIVE,0,0,1,
possible,possible,,POSSIBLE,1,0,1,
possum,possum,,POSSUM,1,0,1,
post,post,,,1,0,0,
postpone,,,POSTPONE,0,0,1,
potato,potato,,POTATO,1,0,1,
potty,,potty,,0,1,0,
pour,pour,,POUR1|POUR2,1,0,1,citizen has variants
powder,,,POWDER,0,0,1,
power,power,,POWER,1,0,1,
practice,,,PRACTICE,0,0,1,
prayer,,,PRAYER,0,0,1,
preach,preach,,,1,0,0,
preacher,preacher,,PREACHER,1,0,1,
precious,precious,,PRECIOUS,1,0,1,
predict,predict,,PREDICT,1,0,1,
prefer,,,PREFER,0,0,1,
pregnant,,,PREGNANT,0,0,1,
prepare,prepare,,,1,0,0,
president,president,,PRESIDENT,1,0,1,
press,press,,PRESS,1,0,1,
pressinmind,,,PRESSINMIND,0,0,1,
pretend,,pretend,PRETEND,0,1,1,
pretty,,pretty,PRETTY,0,1,1,
pretzel,pretzel,,,1,0,0,
price,,,PRICE,0,0,1,
pride,pride,,PRIDE,1,0,1,
priest,,,PRIEST,0,0,1,
prince,,,PRINCE,0,0,1,
principal,,,PRINCIPAL,0,0,1,
print,print,,PRINT,1,0,1,
priority,,,PRIORITY,0,0,1,
prison,prison,,PRISON,1,0,1,
problem,,,PROBLEM1|PROBLEM2,0,0,1,citizen has variants
process,,,PROCESS,0,0,1,
produce,produce,,,1,0,0,
producesign,,,PRODUCESIGN,0,0,1,
profoundlydeaf,,,PROFOUNDLYDEAF,0,0,1,
program,,,PROGRAM,0,0,1,
project,,,PROJECT,0,0,1,
promise,,,PROMISE,0,0,1,
promote,promote,,PROMOTE,1,0,1,
proof,,,PROOF,0,0,1,
propel,,,PROPELLER,0,0,1,
propose,,,PROPOSE,0,0,1,
protect,protect,,,1,0,0,
protection,,,PROTECTION,0,0,1,
protest,,,PROTEST,0,0,1,
provide,,,PROVIDE,0,0,1,
proximalization,,,PROXIMALIZATION,0,0,1,
psychologist,,,PSYCHOLOGIST,0,0,1,
psychology,,,PSYCHOLOGY,0,0,1,
public,,,PUBLIC,0,0,1,
pull,,,PULL,0,0,1,
pullconvince,,,PULLCONVINCE,0,0,1,
pumpkin,,,PUMPKIN,0,0,1,
punchface,,,PUNCHFACE,0,0,1,
punish,,,PUNISH,0,0,1,
puppy,,puppy,,0,1,0,
purple,,,PURPLE,0,0,1,
push,,,PUSH,0,0,1,
put,,,PUT,0,0,1,
putaside,,,PUTASIDE,0,0,1,
putinbackmind,,,PUTINBACKMIND,0,0,1,
puzzle,,puzzle,PUZZLED,0,1,1,
qm,,,QM,0,0,1,
qtip,,,QTIP,0,0,1,
quality,,,QUALITY,0,0,1,
quarter,,,QUARTER,0,0,1,
queen,,,QUEEN,0,0,1,
quiet,,quiet,QUIET,0,1,1,
quit,,,QUIT,0,0,1,
rabbit,,,RABBIT1|RABBIT2,0,0,1,citizen has variants
race,,,RACE,0,0,1,
racecartrack,,,RACECARTRACK,0,0,1,
radio,,radio,RADIO,0,1,1,
rain,,rain,RAIN,0,1,1,
rainbow,,,RAINBOW,0,0,1,
raisin,,,RAISIN,0,0,1,
rake,,,RAKE,0,0,1,
range,,,RANGE,0,0,1,
rat,,,RAT,0,0,1,
razor,,,RAZOR1|RAZOR2,0,0,1,citizen has variants
reach,,,REACH,0,0,1,
react,,,REACT,0,0,1,
read,,read,READ,0,1,1,
ready,,,READY,0,0,1,
really,,,REALLY,0,0,1,
reallyinto,,,REALLYINTO,0,0,1,
realsick,,,REALSICK,0,0,1,
reason,,,REASON,0,0,1,
recent,,,RECENT1|RECENT2,0,0,1,citizen has variants
recite,,,RECITE,0,0,1,
record,,,RECORD|RECORDING,0,0,1,citizen has variants
red,,red,RED,0,1,1,
redfaced,,,REDFACED,0,0,1,
reduce,,,REDUCE,0,0,1,
reflect,,,REFLECT,0,0,1,
refrigerator,,refrigerator,REFRIGERATOR,0,1,1,
refuse,,,REFUSE,0,0,1,
register,,,REGISTER,0,0,1,
regular,,,REGULAR,0,0,1,
relationship,,,RELATIONSHIP,0,0,1,
relax,,,RELAX1|RELAX2,0,0,1,citizen has variants
release,,,RELEASE,0,0,1,
relief,,,RELIEF,0,0,1,
religion,,,RELIGION,0,0,1,
remember,,,REMEMBER1|REMEMBER2,0,0,1,citizen has variants
remind,,,REMIND,0,0,1,
remotecontrol,,,REMOTECONTROL,0,0,1,
remove,,,REMOVE,0,0,1,
replace,,,REPLACE,0,0,1,
request,,,REQUEST,0,0,1,
rescue,,,RESCUE,0,0,1,
research,,,RESEARCH1|RESEARCH2,0,0,1,citizen has variants
resent,,,RESENT,0,0,1,
resign,,,RESIGN,0,0,1,
resist,,,RESIST,0,0,1,
respect,,,RESPECT,0,0,1,
responsibility,,,RESPONSIBILITY,0,0,1,
rest,,,REST,0,0,1,
restallday,,,RESTALLDAY,0,0,1,
restaurant,,,RESTAURANT,0,0,1,
restless,,,RESTLESS,0,0,1,
result,,,RESULT,0,0,1,
retire,,,RETIRE,0,0,1,
retrieve,,,RETRIEVE,0,0,1,
revenge,,,REVENGE,0,0,1,
rhino,,,RHINO1|RHINO2|RHINO3,0,0,1,citizen has variants
ribbonaward,,,RIBBONAWARD,0,0,1,
rich,,,RICH,0,0,1,
ride,,ride,RIDE1|RIDE2,0,1,1,citizen has variants
right,,,RIGHT1|RIGHT2|RIGHT3,0,0,1,citizen has variants
ring,,,RING,0,0,1,
risk,,,RISK,0,0,1,
river,,,RIVER1|RIVER2,0,0,1,citizen has variants
road,,,ROAD,0,0,1,
roar,,,ROAR1|ROAR2,0,0,1,citizen has variants
roast,,,ROAST,0,0,1,
rob,,,ROB,0,0,1,
robot,,,ROBOT,0,0,1,
rock,,,ROCK,0,0,1,
rocket,,,ROCKET1|ROCKET2,0,0,1,citizen has variants
rockingchair,,,ROCKINGCHAIR1|ROCKINGCHAIR2,0,0,1,citizen has variants
role,,,ROLE,0,0,1,
roll,,,ROLL,0,0,1,
rollerblade,,,ROLLERBLADING,0,0,1,
rollerskating,,,ROLLERSKATING,0,0,1,
rollupsleeves,,,ROLLUPSLEEVES,0,0,1,
roof,,,ROOF,0,0,1,
room,,room,ROOM,0,1,1,
roommate,,,ROOMMATE,0,0,1,
rooster,,,ROOSTER,0,0,1,
rope,,,ROPE,0,0,1,
rose,,,ROSE,0,0,1,
rough,,,ROUGH,0,0,1,
row,,,ROW,0,0,1,
rude,,,RUDE,0,0,1,
ruin,,,RUIN,0,0,1,
rule,,,RULE,0,0,1,
ruler,,,RULER,0,0,1,
run,,,RUN1|RUN2,0,0,1,citizen has variants
runfaucet,,,RUNFAUCET,0,0,1,
runoutof,,,RUNOUTOF,0,0,1,
rush,,,RUSH,0,0,1,
russia,,,RUSSIA,0,0,1,
sad,,sad,SAD,0,1,1,
safe,,,SAFE,0,0,1,
sail,,,SAIL1|SAIL2,0,0,1,citizen has variants
sailboat,,,SAILBOAT,0,0,1,
salad,,,SALAD,0,0,1,
salt,,,SALT,0,0,1,
saltshaker,,,SALTSHAKER,0,0,1,
same,,same,SAME1|SAME2,0,1,1,citizen has variants
samesame,,,SAMESAME,0,0,1,
sametime,,,SAMETIME,0,0,1,
sandal,,,SANDALS,0,0,1,
sandwich,,,SANDWICH1|SANDWICH2|SANDWICH3|SANDWICH4,0,0,1,citizen has variants
santa,,,SANTA,0,0,1,
sarcastic,,,SARCASTIC,0,0,1,
saturday,,,SATURDAY,0,0,1,
sauce,,,SAUCE,0,0,1,
sausage,,,SAUSAGE,0,0,1,
save,,,SAVE,0,0,1,
savemoney,,,SAVEMONEY,0,0,1,
saxophone,,,SAXOPHONE,0,0,1,
say,,say,,0,1,0,
scan,,,SCAN,0,0,1,
scarcely,,,SCARCELY,0,0,1,
scare,,,SCARED,0,0,1,
scarf,,,SCARF1|SCARF2|SCARF3|SCARF4,0,0,1,citizen has variants
scarmemory,,,SCARMEMORY,0,0,1,
school,,,SCHOOL,0,0,1,
science,,,SCIENCE,0,0,1,
scientist,,,SCIENTIST,0,0,1,
scissors,,scissors,SCISSORS,0,1,1,
scold,,,SCOLD,0,0,1,
scoop,,,SCOOP,0,0,1,
score,,,SCORE,0,0,1,
scout,,,SCOUT,0,0,1,
scratch,,,SCRATCH,0,0,1,
scream,,,SCREAM,0,0,1,
screwdriver,,,SCREWDRIVER1|SCREWDRIVER2|SCREWDRIVER3,0,0,1,citizen has variants
script,,,SCRIPT,0,0,1,
scrolldown,,,SCROLLDOWN,0,0,1,
scrub,,,SCRUB,0,0,1,
sculpt,,,SCULPT,0,0,1,
sculpture,,,SCULPTURE,0,0,1,
seal,,,SEAL,0,0,1,
secret,,,SECRET,0,0,1,
secretary,,,SECRETARY,0,0,1,
see,,see,SAW1|SAW2|SEE,0,1,1,citizen has variants
seem,,,SEEM,0,0,1,
seesee,,,SEESEE,0,0,1,
select,,,SELECT,0,0,1,
self,,,SELF,0,0,1,
sell,,,SELL,0,0,1,
senate,,,SENATE,0,0,1,
send,,,SEND,0,0,1,
seniorcitizen,,,SENIORCITIZEN,0,0,1,
sensitive,,,SENSITIVE,0,0,1,
sentence,,,SENTENCE1|SENTENCE2,0,0,1,citizen has variants
sequence,,,SEQUENCE,0,0,1,
serious,,,SERIOUS,0,0,1,
serve,,,SERVE1|SERVE2,0,0,1,citizen has variants
setup,,,SETUP,0,0,1,
seven,,,SEVEN,0,0,1,
several,,,SEVERAL,0,0,1,
sew,,,SEW,0,0,1,
shake,,,SHAKE1|SHAKE2,0,0,1,citizen has variants
shakespeare,,,SHAKESPEARE,0,0,1,
shame,,,SHAME,0,0,1,
shameonyou,,,SHAMEONYOU,0,0,1,
shampoo,,,SHAMPOO,0,0,1,
shape,,,SHAPE,0,0,1,
share,,,SHARE,0,0,1,
shark,,,SHARK1|SHARK2,0,0,1,citizen has variants
sharp,,,SHARP1|SHARP2,0,0,1,citizen has variants
sharpen,,,SHARPEN1|SHARPEN2|SHARPEN3,0,0,1,citizen has variants
shave,,,SHAVE1|SHAVE2|SHAVE3|SHAVE4|SHAVE5,0,0,1,citizen has variants
she,she,hesheit,,1,1,0,
sheep,,,SHEEP,0,0,1,
shelf,,,SHELF,0,0,1,
shh,,shhh,,0,1,0,
shield,,,SHIELD,0,0,1,
shiny,,,SHINY,0,0,1,
shirt,,shirt,SHIRT1|SHIRT2,0,1,1,citizen has variants
shock,,,SHOCKED,0,0,1,
shoe,,shoe,SHOES,0,1,1,
shoot,,,SHOOT1|SHOOT2|SHOOTING,0,0,1,citizen has variants
shop,,,SHOP1|SHOP2,0,0,1,citizen has variants
short,short,,SHORTS,1,0,1,
shortdistance,,,SHORTDISTANCE,0,0,1,
shortperson,,,SHORTPERSON,0,0,1,
shortword,,,SHORTWORD,0,0,1,
shot,,,SHOT,0,0,1,
should,,,SHOULD,0,0,1,
shoulder,,,SHOULDER1|SHOULDER2|SHOULDER3,0,0,1,citizen has variants
shout,,,SHOUT1|SHOUT2,0,0,1,citizen has variants
shovel,,,SHOVEL1|SHOVEL2,0,0,1,citizen has variants
show,,,SHOW,0,0,1,
shower,,shower,SHOWER,0,1,1,
shrimp,,,SHRIMP,0,0,1,
shutout,,,SHUTOUT,0,0,1,
shy,,,SHY,0,0,1,
sick,,sick,SICK,0,1,1,
side,,,SIDE,0,0,1,
sideburn,,,SIDEBURNS,0,0,1,
sign,,,SIGN,0,0,1,
signature,,,SIGNATURE,0,0,1,
signingfluently,,,SIGNINGFLUENTLY,0,0,1,
signlanguage,,,SIGNLANGUAGE,0,0,1,
signpaper,,,SIGNPAPER,0,0,1,
silly,,,SILLY,0,0,1,
silver,,,SILVER,0,0,1,
since,,,SINCE,0,0,1,
sing,,,SING,0,0,1,
single,,,SINGLE,0,0,1,
singleout,,,SINGLEOUT,0,0,1,
sink,,,SINK,0,0,1,
siren,,,SIREN,0,0,1,
sister,,,SISTER,0,0,1,
sit,,,SIT,0,0,1,
situation,,,SITUATION,0,0,1,
six,,,SIX,0,0,1,
skate,,,SKATE,0,0,1,
skateboard,,,SKATEBOARDING1|SKATEBOARDING2|SKATEBOARDING3,0,0,1,citizen has variants
ski,,,SKI|SKI-CA,0,0,1,citizen has variants
skill,,,SKILL,0,0,1,
skin,,,SKIN,0,0,1,
skirt,,,SKIRT,0,0,1,
skunk,,,SKUNK,0,0,1,
slave,,,SLAVE,0,0,1,
sled,,,SLED1|SLED2,0,0,1,citizen has variants
sleep,,sleep,SLEEP,0,1,1,
sleepy,,sleepy,,0,1,0,
slice,,,SLICE1|SLICE2|SLICE3|SLICE4,0,0,1,citizen has variants
slide,,,SLIDE1|SLIDE2,0,0,1,citizen has variants
slingshot,,,SLINGSHOT,0,0,1,
slip,,,SLIP1|SLIP2,0,0,1,citizen has variants
slipper,,,SLIPPER,0,0,1,
slow,,,SLOW,0,0,1,
small,,,SMALL,0,0,1,
smart,,,SMART,0,0,1,
smell,,,SMELL,0,0,1,
smellmoney,,,SMELLMONEY,0,0,1,
smile,,smile,SMILE1|SMILE2,0,1,1,citizen has variants
smoke,,,SMOKE,0,0,1,
smoking,,,SMOKING,0,0,1,
smooth,,,SMOOTH,0,0,1,
snack,,snack,,0,1,0,
snail,,,SNAIL,0,0,1,
snake,,,SNAKE,0,0,1,
snap,,,SNAP,0,0,1,
snapstick,,,SNAPSTICK,0,0,1,
sneakadventure,,,SNEAKADVENTURE,0,0,1,
sneeze,,,SNEEZE1|SNEEZE2,0,0,1,citizen has variants
snob,,,SNOB,0,0,1,
snorkel,,,SNORKEL,0,0,1,
snow,,snow,SNOW1|SNOW2,0,1,1,citizen has variants
snowboard,,,SNOWBOARD,0,0,1,
snowman,,,SNOWMAN,0,0,1,
snowsuit,,,SNOWSUIT,0,0,1,
so,,,SO,0,0,1,
soap,,,SOAP1|SOAP2,0,0,1,citizen has variants
soccer,,,SOCCER1|SOCCER2,0,0,1,citizen has variants
social,,,SOCIAL,0,0,1,
socialize,,,SOCIALIZE,0,0,1,
society,,,SOCIETY,0,0,1,
sock,,,SOCKS,0,0,1,
soda,,,SODA,0,0,1,
sofa,,,SOFA,0,0,1,
soft,,,SOFT,0,0,1,
softball,,,SOFTBALL,0,0,1,
some,,,SOME,0,0,1,
somersault,,,SOMERSAULT1|SOMERSAULT2|SOMERSAULT3,0,0,1,citizen has variants
something,,,SOMETHING,0,0,1,
sometimes,,,SOMETIMES,0,0,1,
son,,,SON,0,0,1,
soon,,,SOON1|SOON2,0,0,1,citizen has variants
sophisticate,,,SOPHISTICATED,0,0,1,
sophomore,,,SOPHOMORE,0,0,1,
sorry,,,SORRY,0,0,1,
sound,,,SOUND,0,0,1,
soup,,,SOUP,0,0,1,
sour,,,SOUR,0,0,1,
south,,,SOUTH,0,0,1,
sow,,,SOW,0,0,1,
space,,,SPACE,0,0,1,
spaceship,,,SPACESHIP,0,0,1,
spaghetti,,,SPAGHETTI,0,0,1,
spain,,,SPAIN,0,0,1,
speaker,,,SPEAKERS,0,0,1,
special,,,SPECIAL1|SPECIAL2,0,0,1,citizen has variants
specialist,,,SPECIALIST,0,0,1,
specific,,,SPECIFIC,0,0,1,
spend,,,SPEND,0,0,1,
spendlotsofmoney,,,SPENDLOTSOFMONEY,0,0,1,
spicy,,,SPICY,0,0,1,
spider,,,SPIDER,0,0,1,
spill,,,SPILL1|SPILL2,0,0,1,citizen has variants
spitout,,,SPITOUT,0,0,1,
splash,,,SPLASH-CA,0,0,1,
spontaneous,,,SPONTANEOUS,0,0,1,
spoon,,,SPOON,0,0,1,
sport,,,SPORTS,0,0,1,
spotsomething,,,SPOTSOMETHING,0,0,1,
spread,,,SPREAD1|SPREAD2|SPREAD3,0,0,1,citizen has variants
spring,,,SPRING,0,0,1,
square,,,SQUARE,0,0,1,
squareidiot,,,SQUAREIDIOT,0,0,1,
squeeze,,,SQUEEZE,0,0,1,
squirrel,,,SQUIRREL,0,0,1,
sshh,,,SSHH,0,0,1,
stack,,,STACK1|STACK2|STACK3|STACK4,0,0,1,citizen has variants
stadium,,,STADIUM,0,0,1,
staff,,,STAFF,0,0,1,
stair,,stairs,STAIRS,0,1,1,
stamp,,,STAMP1|STAMP2|STAMP3,0,0,1,citizen has variants
stand,,,STAND1|STAND2,0,0,1,citizen has variants
stand up,,,STAND-UP,0,0,1,phrase
stapler,,,STAPLER,0,0,1,
star,,,STAR|STARS,0,0,1,citizen has variants
starbucks,,,STARBUCKS,0,0,1,
stare,,,STARE,0,0,1,
start,,,START,0,0,1,
state,,,STATE,0,0,1,
stay,,stay,STAY,0,1,1,
stayawake hr,,,STAYAWAKE24HRS,0,0,1,phrase
steak,,,STEAK,0,0,1,
steal,,,STEAL,0,0,1,
steam,,,STEAM,0,0,1,
step,,,STEP,0,0,1,
stethoscope,,,STETHOSCOPE1|STETHOSCOPE2|STETHOSCOPE3|STETHOSCOPE4,0,0,1,citizen has variants
stick,,stuck,STUCK,0,1,1,
sticky,,sticky,STICKY,0,1,1,
still,,,STILL,0,0,1,
stimulate,,,STIMULATE,0,0,1,
sting,,,STING,0,0,1,
stink,,,STINK,0,0,1,
stir,,,STIR,0,0,1,
stocking,,,STOCKINGS,0,0,1,
stomach,,,STOMACH,0,0,1,
stop,,,STOP,0,0,1,
stopwatch,,,STOPWATCH,0,0,1,
store,,store,,0,1,0,
story,story,story,STORY1|STORY2|STORY3,1,1,1,citizen has variants
straight,,,STRAIGHT,0,0,1,
strain,,,STRAIN1|STRAIN2,0,0,1,citizen has variants
strange,,,STRANGE,0,0,1,
strangle,,,STRANGLE,0,0,1,
straw,,,STRAW,0,0,1,
strawberry,,,STRAWBERRY1|STRAWBERRY2|STRAWBERRY3|STRAWBERRY4,0,0,1,citizen has variants
street,,,STREET,0,0,1,
stress,,,STRESS,0,0,1,
stretch,,,STRETCH-CA|STRETCH1|STRETCH2,0,0,1,citizen has variants
strict,,,STRICT,0,0,1,
string,,,STRING,0,0,1,
stripe,,,STRIPE,0,0,1,
strong,,,STRONG,0,0,1,
structure,,,STRUCTURE,0,0,1,
struggle,,,STRUGGLE,0,0,1,
stubborn,,,STUBBORN,0,0,1,
student,,,STUDENT,0,0,1,
study,,,STUDY,0,0,1,
stumble,,,STUMBLE,0,0,1,
stupid,,,STUPID1|STUPID2,0,0,1,citizen has variants
subtract,,,SUBTRACT,0,0,1,
suck,,,SUCK,0,0,1,
suckthumb,,,SUCKTHUMB,0,0,1,
suit,,,SUIT,0,0,1,
summarize,,,SUMMARIZE,0,0,1,
summer,,,SUMMER,0,0,1,
summon,,,SUMMON,0,0,1,
sun,,sun,SUN,0,1,1,
sunbathe,,,SUNBATHE1|SUNBATHE2,0,0,1,citizen has variants
sunday,,,SUNDAY,0,0,1,
sunrise,,,SUNRISE,0,0,1,
sunset,,,SUNSET,0,0,1,
superior,,,SUPERIOR,0,0,1,
supervise,,,SUPERVISE,0,0,1,
supervisor,,,SUPERVISOR,0,0,1,
support,,,SUPPORT1|SUPPORT2,0,0,1,citizen has variants
sure,,,SURE,0,0,1,
surf,,,SURF,0,0,1,
surgeon,,,SURGEON,0,0,1,
surgery,,,SURGERY,0,0,1,
surprise,,,SURPRISE,0,0,1,
sushi,,,SUSHI,0,0,1,
suspect,,,SUSPECT,0,0,1,
suspend,,,SUSPEND,0,0,1,
suspender,,,SUSPENDERS1|SUSPENDERS2,0,0,1,citizen has variants
swallow,,,SWALLOW,0,0,1,
swearin,,,SWEARIN,0,0,1,
sweat,,,SWEAT,0,0,1,
sweater,,,SWEATER1|SWEATER2|SWEATER3,0,0,1,citizen has variants
sweatpants,,,SWEATPANTS,0,0,1,
sweatshirt,,,SWEATSHIRT,0,0,1,
sweep,,,SWEEP,0,0,1,
sweet,,,SWEET,0,0,1,
sweetheart,,,SWEETHEART,0,0,1,
swim,,,SWIM1|SWIM2,0,0,1,citizen has variants
swing,,,SWING1|SWING2,0,0,1,citizen has variants
switzerland,,,SWITZERLAND,0,0,1,
sword,,,SWORD,0,0,1,
sympathy,,,SYMPATHY,0,0,1,
system,,,SYSTEM,0,0,1,
table,,table,TABLE,0,1,1,
tablet,,,TABLET,0,0,1,
tail,,,TAIL1|TAIL2,0,0,1,citizen has variants
take,,,TAKE,0,0,1,
takecare,,,TAKECARE,0,0,1,
takenotes,,,TAKENOTES,0,0,1,
takeoff,,,TAKEOFF1|TAKEOFF2,0,0,1,citizen has variants
takepill,,,TAKEPILL,0,0,1,
talk,,talk,TALK1|TALK2,0,1,1,citizen has variants
talkdirty,,,TALKDIRTY,0,0,1,
tall,,,TALL1|TALL2,0,0,1,citizen has variants
tan,,,TAN,0,0,1,
tanktop,,,TANKTOP,0,0,1,
tape,,,TAPE,0,0,1,
taste,,taste,TASTE,0,1,1,
tea,,,TEA,0,0,1,
teach,,,TEACH1|TEACH2,0,0,1,citizen has variants
teacher,,,TEACHER,0,0,1,
team,,,TEAM,0,0,1,
tear,,,TEAR,0,0,1,
tearrip,,,TEARRIP1|TEARRIP2,0,0,1,citizen has variants
tease,,,TEASE,0,0,1,
technology,,,TECHNOLOGY,0,0,1,
teenager,,,TEENAGER,0,0,1,
tell,,,TELL,0,0,1,
temperblowup,,,TEMPERBLOWUP,0,0,1,
temporary,,,TEMPORARY,0,0,1,
temptation,,,TEMPTATION,0,0,1,
tendency,,,TENDENCY,0,0,1,
tendyour,,,TENDYOUR,0,0,1,
tennis,,,TENNIS,0,0,1,
tent,,,TENT,0,0,1,
test,,,TEST,0,0,1,
text,,,TEXT,0,0,1,
than,,,THAN,0,0,1,
thank,,thankyou,,0,1,0,
thanks,,thankyou,,0,1,0,
thanksgiving,,,THANKSGIVING,0,0,1,
thankyou,,,THANKYOU,0,0,1,
that,that,that,THAT,1,1,1,
theatre,,,THEATRE,0,0,1,
then,,,THEN,0,0,1,
theory,,,THEORY,0,0,1,
therapy,,,THERAPY,0,0,1,
there,,there,THERE,0,1,1,
thermometer,,,THERMOMETER,0,0,1,
they,,,THEY1|THEY2,0,0,1,citizen has variants
thief,,,THIEF1|THIEF2,0,0,1,citizen has variants
thin,,,THIN,0,0,1,
thing,thing,,THINGS,1,0,1,
think,,think,THINK,0,1,1,
thinkchin,,,THINKCHIN,0,0,1,
thinkconnect,,,THINKCONNECT,0,0,1,
thinkexpand,,,THINKEXPAND,0,0,1,
thinkobsess,,,THINKOBSESS,0,0,1,
thinkover,,,THINKOVER,0,0,1,
thinkpenetrate,,,THINKPENETRATE,0,0,1,
thinkponder,,,THINKPONDER,0,0,1,
third,,,THIRD1|THIRD2,0,0,1,citizen has variants
thirsty,,thirsty,THIRSTY,0,1,1,
this,,,THESE|THIS/IT,0,0,1,citizen has variants
thoughtdisappear,,,THOUGHTDISAPPEAR,0,0,1,
three,,,THREE,0,0,1,
thrill,,,THRILLED,0,0,1,
throw,,,THROW1|THROW2,0,0,1,citizen has variants
throwaway,,,THROWAWAY,0,0,1,
thunder,,,THUNDER,0,0,1,
thursday,,,THURSDAY,0,0,1,
ticket,,,TICKET,0,0,1,
tickle,,,TICKLE,0,0,1,
tie,,,TIE1|TIE2,0,0,1,citizen has variants
tieup,,,TIEUP1|TIEUP2,0,0,1,citizen has variants
tiger,,tiger,TIGER,0,1,1,
time,time,time,TIME,1,1,1,
timeout,,,TIMEOUT,0,0,1,
timeprogress,,,TIMEPROGRESS,0,0,1,
timetotime,,,TIMETOTIME,0,0,1,
tiny,,,TINY,0,0,1,
tire,,,TIRED,0,0,1,
tiredof,,,TIREDOF,0,0,1,
tissue,,,TISSUE,0,0,1,
to,,,TO,0,0,1,not signed by text-to-gloss
toagoal,,,TOAGOAL,0,0,1,
toast,,,TOAST,0,0,1,
tobacco,,,TOBACCO,0,0,1,
today,,,TODAY,0,0,1,
together,,,TOGETHER,0,0,1,
toilet,,,TOILET,0,0,1,
tomato,,,TOMATO,0,0,1,
tomorrow,,tomorrow,TOMORROW,0,1,1,
tongue,,tongue,TONGUE,0,1,1,
toomuch,,,TOOMUCH,0,0,1,
tooth,,tooth,TEETH,0,1,1,
toothbrush,,toothbrush,TOOTHBRUSH|TOOTHBRUSH-CA,0,1,1,citizen has variants
top,,,TOP,0,0,1,
topic,,,TOPIC,0,0,1,
tornado,,,TORNADO,0,0,1,
toss,,,TOSS,0,0,1,
tossout,,,TOSSOUT,0,0,1,
total,,,TOTAL,0,0,1,
touch,,touch,TOUCH,0,1,1,
tough,,,TOUGH,0,0,1,
tournament,,,TOURNAMENT,0,0,1,
tow,,,TOW1|TOW2|TOW3,0,0,1,citizen has variants
towel,,,TOWEL,0,0,1,
toy,,toy,TOY1|TOY2|TOY3,0,1,1,citizen has variants
tractor,,,TRACTOR,0,0,1,
tradition,,,TRADITION,0,0,1,
traffic,,,TRAFFIC,0,0,1,
train,,,TRAIN,0,0,1,
transfer,,,TRANSFER,0,0,1,
transgender,,,TRANSGENDER,0,0,1,
translate,,,TRANSLATE,0,0,1,
trash,,,TRASH,0,0,1,
travel,,,TRAVEL,0,0,1,
tree,,tree,TREE,0,1,1,
triangle,,,TRIANGLE,0,0,1,
trim,,,TRIM1|TRIM2,0,0,1,citizen has variants
trip,,,HURDLE/TRIP1|HURDLE/TRIP2|TRIP1|TRIP2,0,0,1,citizen has variants
triple,,,TRIPLE,0,0,1,
trophy,,,TROPHY,0,0,1,
trouble,,,TROUBLE,0,0,1,
truck,,,TRUCK1|TRUCK2,0,0,1,citizen has variants
true,,,TRUE,0,0,1,
truebusiness,,,TRUEBUSINESS,0,0,1,
truth,,,TRUTH,0,0,1,
try,,,TRY,0,0,1,
tty,,,TTY,0,0,1,
tube,,,TUBE,0,0,1,
tubetop,,,TUBETOP,0,0,1,
tuesday,,,TUESDAY,0,0,1,
turban,,,TURBAN,0,0,1,
turkey,,,TURKEY1|TURKEY2,0,0,1,citizen has variants
turn,,,TURN,0,0,1,
turnaround,,,TURNAROUND,0,0,1,
turnkey,,,TURNKEY,0,0,1,
turtle,,,TURTLE,0,0,1,
tv,,TV,TV,0,1,1,
twin,,,TWINS1|TWINS2,0,0,1,citizen has variants
twirl,,,TWIRL,0,0,1,
two,,,TWO,0,0,1,
twomore,,,TWOMORE,0,0,1,
twoofus,,,TWOOFUS,0,0,1,
twoweeks,,,TWOWEEKS,0,0,1,
type,,,TYPE1|TYPE2,0,0,1,citizen has variants
udder,,,UDDER,0,0,1,
ugly,,,UGLY,0,0,1,
umbrella,,,UMBRELLA,0,0,1,
unaware,,,UNAWARE,0,0,1,
uncertain,,,UNCERTAIN,0,0,1,
uncle,,uncle,UNCLE,0,1,1,
under,,,UNDER,0,0,1,
undergraduate,,,UNDERGRADUATE,0,0,1,
understand,,,UNDERSTAND,0,0,1,
underwear,,underwear,UNDERWEAR1|UNDERWEAR2,0,1,1,citizen has variants
unicorn,,,UNICORN,0,0,1,
unique,,,UNIQUE,0,0,1,
universe,,,UNIVERSE,0,0,1,
university,,,UNIVERSITY,0,0,1,
until,,,UNTIL,0,0,1,
up,,up,UP,0,1,1,
upload,,,UPLOAD,0,0,1,
upset,,,UPSET1|UPSET2,0,0,1,citizen has variants
us,,weus,,0,1,0,
use,,,USE,0,0,1,
vacation,,,VACATION,0,0,1,
vacuum,,vacuum,VACUUM,0,1,1,
vagina,,,VAGINA,0,0,1,
vain,,,VAIN,0,0,1,
validate,,,VALIDATE,0,0,1,
valley,,,VALLEY,0,0,1,
value,,,VALUE,0,0,1,
vampire,,,VAMPIRE,0,0,1,
vanilla,,,VANILLA,0,0,1,
vanish,,,VANISH,0,0,1,
vase,,,VASE,0,0,1,
vegetable,,,VEGETABLE,0,0,1,
verb,,,VERB,0,0,1,
very,very,,VERY,1,0,1,
veryinterested,,,VERYINTERESTED,0,0,1,
vest,,,VEST,0,0,1,
vibrate,,,VIBRATE,0,0,1,
videocamera,,,VIDEOCAMERA1|VIDEOCAMERA2,0,0,1,citizen has variants
videogame,,,VIDEOGAME,0,0,1,
videophone,,,VIDEOPHONE,0,0,1,
view,,,VIEW,0,0,1,
village,,,VILLAGE,0,0,1,
violin,,,VIOLIN,0,0,1,
vision,,,VISION,0,0,1,
visit,,,VISIT,0,0,1,
visitor,,,VISITOR,0,0,1,
visualize,,,VISUALIZE,0,0,1,
vitamin,,,VITAMINS,0,0,1,
vlog,,,VLOG,0,0,1,
vocabulary,,,VOCABULARY,0,0,1,
voice,,,VOICE,0,0,1,
volleyball,,,VOLLEYBALL,0,0,1,
volunteer,,,VOLUNTEER,0,0,1,
vomit,,,VOMIT,0,0,1,
vote,,,VOTE,0,0,1,
wade,,,WADE1|WADE2,0,0,1,citizen has variants
wait,,wait,WAIT,0,1,1,
waiter,,,WAITER,0,0,1,
wake,,wake,,0,1,0,
walk,,,WALK1|WALK2,0,0,1,citizen has variants
walk tightrope,,,WALK-TIGHTROPE-CL,0,0,1,phrase
wall,,,WALL,0,0,1,
wallet,,,WALLET,0,0,1,
walrus,,,WALRUS,0,0,1,
wand,,,WAND,0,0,1,
wander,,,WANDER,0,0,1,
want,,,WANT1|WANT2,0,0,1,citizen has variants
war,,,WAR,0,0,1,
warm,,,WARM,0,0,1,
warn,,,WARN,0,0,1,
wash,,,WASH1|WASH2,0,0,1,citizen has variants
washdishes,,,WASHDISHES,0,0,1,
washface,,,WASHFACE1|WASHFACE2,0,0,1,citizen has variants
washhands,,,WASHHANDS,0,0,1,
washmachine,,,WASHMACHINE,0,0,1,
waste,,,WASTE,0,0,1,
watch,,,WATCH,0,0,1,
water,,water,WATER,0,1,1,
waterdrop,,,WATERDROP,0,0,1,
waterski,,,WATERSKI,0,0,1,
wave,,,WAVE,0,0,1,
way,,,WAY,0,0,1,
we,,weus,US|WE,0,1,1,citizen has variants
weak,,,WEAK,0,0,1,
wear,,,WEAR,0,0,1,
weather,,,WEATHER,0,0,1,
weave,,,WEAVE,0,0,1,
wedding,,,WEDDING,0,0,1,
wednesday,,,WEDNESDAY,0,0,1,
week,,,WEEK,0,0,1,
weekend,,,WEEKEND,0,0,1,
weigh,,,WEIGH,0,0,1,
weight,,,WEIGHT,0,0,1,
weird,,,WEIRD,0,0,1,
welcome,,,WELCOME1|WELCOME2,0,0,1,citizen has variants
well,,,WELL,0,0,1,
west,,,WEST,0,0,1,
wet,,wet,WET,0,1,1,
wewillsee,,,WEWILLSEE,0,0,1,
whale,,,WHALE,0,0,1,
what,,,W.H.A.T|WHAT1|WHAT2,0,0,1,citizen has variants
whatever,,,WHATEVER,0,0,1,
whatfor,,,WHATFOR1|WHATFOR2|WHATFOR3,0,0,1,citizen has variants
wheel,,,WHEEL,0,0,1,
wheelbarrow,,,WHEELBARROW,0,0,1,
wheelchair,,,WHEELCHAIR,0,0,1,
when,,,WHEN,0,0,1,
where,,where,WHERE,0,1,1,
which,,,WHICH,0,0,1,
while,,,WHILE,0,0,1,
whip,,,WHIP,0,0,1,
whisper,,,WHISPER,0,0,1,
whistle,,,WHISTLE1|WHISTLE2,0,0,1,citizen has variants
white,,white,WHITE,0,1,1,
whiteperson,,,WHITEPERSON,0,0,1,
who,,who,WHO,0,1,1,
whole,,,WHOLE,0,0,1,
why,,why,WHY,0,1,1,
whynot,,,WHYNOT,0,0,1,
wide,,,WIDE,0,0,1,
wife,,,WIFE,0,0,1,
will,,will,WILL,0,1,1,
willgo,,,WILLGO,0,0,1,
win,,,WIN,0,0,1,
wind,,,WIND,0,0,1,
windmill,,,WINDMILL1|WINDMILL2|WINDMILL3,0,0,1,citizen has variants
window,,glasswindow,WINDOW,0,1,1,
windowopen,,,WINDOWOPEN,0,0,1,
windy,,,WINDY,0,0,1,
wine,,,WINE,0,0,1,
wink,,,WINK,0,0,1,
winter,,,WINTER,0,0,1,
wise,,,WISE,0,0,1,
wish,,,WISH,0,0,1,
witch,,,WITCH1|WITCH2,0,0,1,citizen has variants
with,,,WITH,0,0,1,
without,,,WITHOUT,0,0,1,
wolf,,wolf,WOLF,0,1,1,
woman,,,WOMAN1|WOMAN2,0,0,1,citizen has variants
wonder,,,WONDER,0,0,1,
wood,,,WOOD,0,0,1,
word,,,WORD,0,0,1,
work,,,WORK,0,0,1,
workout,,,WORKOUT,0,0,1,
workshop,,,WORKSHOP,0,0,1,
world,,,WORLD,0,0,1,
worm,,,WORM,0,0,1,
worry,,,WORRY,0,0,1,
wow,,,WOW,0,0,1,
wrap,,,WRAP,0,0,1,
wrapup,,,WRAPUP1|WRAPUP2,0,0,1,citizen has variants
wrestle,,,WRESTLE,0,0,1,
wring,,,WRING,0,0,1,
wristwatch,,,WRISTWATCH1|WRISTWATCH2|WRISTWATCH3,0,0,1,citizen has variants
write,,,WRITE,0,0,1,
writeonwall,,,WRITEONWALL,0,0,1,
wrong,,,WORSE|WRONG,0,0,1,citizen has variants
yawn,,,YAWN1|YAWN2|YAWN3|YAWN4,0,0,1,citizen has variants
yay,,,YAY,0,0,1,
yeah,,,YEAH,0,0,1,
year,,,YEAR,0,0,1,
yellow,,yellow,YELLOW,0,1,1,
yes,,yes,YES,0,1,1,
yesterday,,yesterday,YESTERDAY,0,1,1,
you,,,YOU,0,0,1,
young,,,YOUNG,0,0,1,
your,,,YOUR,0,0,1,
yourself,,yourself,YOURSELF,0,1,1,
yoyo,,,YOYO,0,0,1,
yucky,,yucky,YUCKY,0,1,1,
zebra,,zebra,ZEBRA,0,1,1,
zero,,,ZERO,0,0,1,
zipper,,zipper,ZIPPER,0,1,1,
zoo,,,ZOO,0,0,1,
zoomin,,,ZOOMIN,0,0,1,
zoomoff,,,ZOOMOFF,0,0,1,
